characterName;actorName0;actorName1;houseName;nickname;royal;parent0;parent1;parent2;sibling0;sibling1;sibling2;sibling3;sibling4;servedBy0;servedBy1;parentOf0;parentOf1;parentOf2;parentOf3;parentOf4;marriedEngaged0;marriedEngaged1;marriedEngaged2;guardedBy0;guardianOf0;guardianOf1;guardianOf2;serves0;serves1;serves2;serves3;killedBy0;killedBy1;killedBy2;killed0;killed1;killed2;killed3;killed4;killed5;killed6;killed7;killed8;killed9;killed10;killed11;killed12;killed13;killed14;killed15
Addam Marbrand;B.J. Hogg;;;;;;;;;;;;;;;;;;;;;;;;;;;;;;;;;;;;;;;;;;;;;;;;;
Aegon Targaryen;Ty Tennant;Tom Glynn-Carney;Targaryen;;TRUE;Elia Martell;Rhaegar Targaryen;;Rhaenys Targaryen;Jon Snow;;;;;;;;;;;;;;;;;;;;;;Gregor Clegane;;;;;;;;;;;;;;;;;;
Aeron Greyjoy;Michael Feast;;Greyjoy;Damphair;;;;;Balon Greyjoy;Euron Greyjoy;;;;;;;;;;;;;;;;;;;;;;;;;;;;;;;;;;;;;;;;
Aerys II Targaryen;David Rintoul;;Targaryen;The Mad King;TRUE;;;;Rhaella Targaryen;;;;;Arthur Dayne;Jaime Lannister;Daenerys Targaryen;Rhaegar Targaryen;Viserys Targaryen;;;Rhaella Targaryen;;;;;;;;;;;Jaime Lannister;;;Brandon Stark;Rickard Stark;;;;;;;;;;;;;;
Akho;Chuku Modu;;;;;;;;;;;;;;;;;;;;;;;;;;;;;;;Daario Naharis;;;;;;;;;;;;;;;;;;
Alliser Thorne;Owen Teale;;;;;;;;;;;;;;;;;;;;;;;;;;;;;;;Jon Snow;;;Jon Snow;;;;;;;;;;;;;;;
Alton Lannister;Karl Davies;;Lannister;;;;;;;;;;;;;;;;;;;;;;;;;;;;;Jaime Lannister;;;;;;;;;;;;;;;;;;
Alys Karstark;Megan Parkinson;;;;;Harald Karstark;;;;;;;;;;;;;;;;;;;;;;;;;;;;;;;;;;;;;;;;;;;;
Amory Lorch;Fintan McKeown;;;;;;;;;;;;;;;;;;;;;;;;;;;;;;;Jaqen H'ghar;;;Yoren;;;;;;;;;;;;;;;
Anguy;Philip McGinley;;;;;;;;;;;;;;;;;;;;;;;;;;;;;;;;;;;;;;;;;;;;;;;;;
Archmaester Marwyn;Jim Broadbent;;;;;;;;;;;;;;;;;;;;;;;;;;;;;;;;;;;;;;;;;;;;;;;;;
Areo Hotah;Deobia Oparei;;;;;;;;;;;;;;;;;;;;;;;;;;;Doran Martell;;;;Tyene Sand;;;;;;;;;;;;;;;;;;
Armeca;Sahara Knite;;;;;;;;;;;;;;;;;;;;;;;;;;;;;;;;;;;;;;;;;;;;;;;;;
Arthur;Nathanael Saleh;;;;;;;;;;;;;;;;;;;;;;;;;;;;;;;;;;;;;;;;;;;;;;;;;
Arthur Dayne;Luke Roberts;;;;;;;;;;;;;;;;;;;;;;;;;;;Aerys II Targaryen;;;;Howland Reed;Eddard Stark;;;;;;;;;;;;;;;;;
Arya Stark;Maisie Williams;;Stark;;;Eddard Stark;Catelyn Stark;;Robb Stark;Sansa Stark;Bran Stark;Rickon Stark;;;;;;;;;;;;Nymeria;;;;;;;;;;;Red Keep Stableboy;Frey Soldier #1;Polliver;Rorge;Ghita;Meryn Trant;The Waif;Black Walder Rivers;Lothar Frey;Walder Frey;Petyr Baelish;The Night King;White Walker;Viserion;;
Baby Sam;William Wilson;James Wilson;;;;Samwell Tarly;Gilly;;;;;;;;;;;;;;;;;;;;;;;;;;;;;;;;;;;;;;;;;;;
Balon Greyjoy;Patrick Malahide;;Greyjoy;;;;;;Euron Greyjoy;Aeron Greyjoy;;;;;;Yara Greyjoy;Theon Greyjoy;;;;;;;;;;;;;;;Euron Greyjoy;;;;;;;;;;;;;;;;;;
Baratheon Guard;Phil Barnhill;;Baratheon;;;;;;;;;;;;;;;;;;;;;;;;;;;;;;;;;;;;;;;;;;;;;;;
Barristan Selmy;Ian McElhinney;;;;;;;;;;;;;;;;;;;;;;;;;;;Daenerys Targaryen;;;;Sons of the Harpy;;;;;;;;;;;;;;;;;;
Benjen Stark;Joseph Mawle;;Stark;;;Rickard Stark;;;Brandon Stark;Lyanna Stark;Eddard Stark;;;;;;;;;;;;;;;;;;;;;Wights;;;;;;;;;;;;;;;;;;
Beric Dondarrion;Richard Dormer;David Michael Scott;;;;;;;;;;;;;;;;;;;;;;;;;;;;;;Sandor Clegane;Wights;;;;;;;;;;;;;;;;;
Bianca;Eline Powell;;;;;;;;;;;;;;;;;;;;;;;;;;;;;;;;;;;;;;;;;;;;;;;;;
Biter;Gerard Jordan;;;;;;;;;;;;;;;;;;;;;;;;;;;;;;;Sandor Clegane;;;;;;;;;;;;;;;;;;
Black Lorren;Forbes KB;;;;;;;;;;;;;;;;;;;;;;;;;;;;;;;;;;;;;;;;;;;;;;;;;
Black Walder Rivers;Tim Plester;;Frey;;;Walder Frey;;;;;;;;;;;;;;;;;;;;;;;;;;Arya Stark;;;Catelyn Stark;;;;;;;;;;;;;;;
Bobono;Leigh Gill;;;;;;;;;;;;;;;;;;;;;;;;;;;;;;;;;;;;;;;;;;;;;;;;;
Bowen Marsh;Michael Condron;;;;;;;;;;;;;;;;;;;;;;;;;;;;;;;Jon Snow;;;Jon Snow;;;;;;;;;;;;;;;
Bran Stark;Isaac Hempstead Wright;;Stark;;TRUE;Eddard Stark;Catelyn Stark;;Robb Stark;Sansa Stark;Arya Stark;Rickon Stark;;;;;;;;;;;;Summer;;;;;;;;;;;;;;;;;;;;;;;;;;
Brea;Gemita Samarra;;;;;;;;;;;;;;;;;;;;;;;;;;;;;;;;;;;;;;;;;;;;;;;;;
Brienne of Tarth;Gwendoline Christie;;;;;;;;;;;;;Podrick Payne;;;;;;;;;;;;;;Renly Baratheon;Catelyn Stark;Sansa Stark;Bran Stark;;;;Soldier Tom;Stannis Baratheon;Bolton Officer;;;;;;;;;;;;;
Bronn;Jerome Flynn;;;;;;;;;;;;;;;;;;;;Lollys Stokeworth;;;;;;;;;;;;;;Vardis Egen;Matthos Seaworth;Lead Dornish Guard;;;;;;;;;;;;;
Brother Ray;Ian McShane;;;;;;;;;;;;;;;;;;;;;;;;;;;;;;;Lem Lemoncloak;;;;;;;;;;;;;;;;;;
Brynden Tully;Clive Russell;;Tully;Blackfish;;;;;Hoster Tully;;;;;;;;;;;;;;;;;;;;;;;;;;;;;;;;;;;;;;;;;
Captain of the Archers;Michael Grennell;;;;;;;;;;;;;;;;;;;;;;;;;;;;;;;;;;;;;;;;;;;;;;;;;
Catelyn Stark;Michelle Fairley;;Stark;;;Hoster Tully;;;Lysa Arryn;Edmure Tully;;;;;;Robb Stark;Sansa Stark;Arya Stark;Bran Stark;Rickon Stark;Eddard Stark;Brandon Stark;;;;;;;;;;Black Walder Rivers;;;Joyeuse Erenford;;;;;;;;;;;;;;;
Catspaw Assassin;Lalor Roddy;;;;;;;;;;;;;;;;;;;;;;;;;;;;;;;Summer;;;;;;;;;;;;;;;;;;
Cersei Lannister;Lena Headey;;Lannister;;TRUE;Tywin Lannister;;;Jaime Lannister;Tyrion Lannister;;;;;;Joffrey Baratheon;Myrcella Baratheon;Tommen Baratheon;;;Robert Baratheon;;;;;;;;;;;Roof collapse;;;Lancel Lannister;High Sparrow;Loras Tyrell;Mace Tyrell;Margaery Tyrell;Kevan Lannister;Tyene Sand;;;;;;;;;
Child of the Forest;Alice Hewkin;;;;;;;;;;;;;;;;;;;;;;;;;;;;;;;;;;;;;;;;;;;;;;;;;
Citadel Maester;Frank Hvam;;;;;;;;;;;;;;;;;;;;;;;;;;;;;;;;;;;;;;;;;;;;;;;;;
Colen of Greenpools;Darren Killeen;;;;;;;;;;;;;;;;;;;;;;;;;;;;;;;;;;;;;;;;;;;;;;;;;
Craster;Robert Pugh;;;;;;;;;;;;;;;;;;;;;;;;;;;;;;;Karl Tanner;;;;;;;;;;;;;;;;;;
Daario Naharis;Ed Skrein;Michiel Huisman;;;;;;;;;;;;;;;;;;;;;;;;;;Daenerys Targaryen;;;;;;;Mero;Prendahl na Ghezn;Oznak zo Pahl;Mossador;Iggo;Akho;;;;;;;;;;
Daenerys Targaryen;Emilia Clarke;;Targaryen;;TRUE;Aerys II Targaryen;Rhaella Targaryen;;Rhaegar Targaryen;Viserys Targaryen;;;;Barristan Selmy;Daario Naharis;Rhaego;;;;;Khal Drogo;;;Drogon;;;;;;;;Jon Snow;;;Khal Drogo;Mirri Maz Duur;Doreah;Xaro Xhoan Daxos;Khal Rhalko;Khal Brozho;Khal Qorro;Khal Forzho;Khal Moro;Dothraki Bloodrider #1;Dothraki Bloodrider #2;Randyll Tarly;Dickon Tarly;Eleanor;Eleanor's Daughter;Lord Varys
Dagmer Cleftjaw;Ralph Ineson;;;;;;;;;;;;;;;;;;;;;;;;;;;;;;;;;;;;;;;;;;;;;;;;;
Daisy;Maisie Dee;;;;;;;;;;;;;;;;;;;;;;;;;;;;;;;;;;;;;;;;;;;;;;;;;
Davos Seaworth;Liam Cunningham;;;;;;;;;;;;;;;Matthos Seaworth;;;;;;;;;;;;Stannis Baratheon;Jon Snow;;;;;;;;;;;;;;;;;;;;;
Dickon Tarly;Freddie Stroma;Tom Hopper;;;;Randyll Tarly;Melessa Tarly;;Samwell Tarly;Talla Tarly;;;;;;;;;;;;;;;;;;;;;;Daenerys Targaryen;;;;;;;;;;;;;;;;;;
Dongo the Giant;Ian Whyte;;;;;;;;;;;;;;;;;;;;;;;;;;;;;;;Night's Watchman;;;;;;;;;;;;;;;;;;
Donnel Waynwood;Alisdair Simpson;;;;;;;;;;;;;;;;;;;;;;;;;;;;;;;;;;;;;;;;;;;;;;;;;
Dontos Hollard;Tony Way;;;;;;;;;;;;;;;;;;;;;;;;;;;;;;;Petyr Baelish;;;;;;;;;;;;;;;;;;
Doran Martell;Alexander Siddig;;Martell;;;;;;Elia Martell;Oberyn Martell;;;;;;Trystane Martell;;;;;;;;;;;;;;;;Ellaria Sand;;;;;;;;;;;;;;;;;;
Doreah;Roxanne McKee;;;;;;;;;;;;;;;;;;;;;;;;;;;;;;;Daenerys Targaryen;;;Irri;;;;;;;;;;;;;;;
Dothraki Bloodrider #1;Diogo Sales;;;;;;;;;;;;;;;;;;;;;;;;;;;;;;;Daenerys Targaryen;;;;;;;;;;;;;;;;;;
Dothraki Bloodrider #2;Junade Khan;;;;;;;;;;;;;;;;;;;;;;;;;;;;;;;Daenerys Targaryen;;;;;;;;;;;;;;;;;;
Drennan;David Coakley;;;;;;;;;;;;;;;;;;;;;;;;;;;;;;;Osha;;;;;;;;;;;;;;;;;;
Drogon;;;Targaryen;;;;;;Rhaegal;Viserion;;;;;;;;;;;;;;;Daenerys Targaryen;;;;;;;;;;Pyat Pree;Kraznys mo Nakloz;Zalla;;;;;;;;;;;;;
Drowned Priest;Jonathan Ryan;;;;;;;;;;;;;;;;;;;;;;;;;;;;;;;;;;;;;;;;;;;;;;;;;
Eddard Stark;Sean Bean;;Stark;Ned;;Rickard Stark;;;Brandon Stark;Benjen Stark;Lyanna Stark;;;;;Robb Stark;Sansa Stark;Arya Stark;Bran Stark;Rickon Stark;Catelyn Stark;;;Jon Arryn;Jon Snow;;;;;;;Ilyn Payne;;;Arthur Dayne;Will;Lady;Gerold Hightower;;;;;;;;;;;;
Eddison Tollett;Ben Crompton;;;;;;;;;;;;;;;;;;;;;;;;;;;;;;;Wight;;;;;;;;;;;;;;;;;;
Edmure Tully;Tobias Menzies;;Tully;;;;;;Catelyn Stark;Lysa Arryn;;;;;;;;;;;Roslin Frey;;;;;;;;;;;;;;;;;;;;;;;;;;;;;
Ellaria Sand;Indira Varma;;Martell;;;;;;;;;;;;;Tyene Sand;;;;;Oberyn Martell;;;;;;;;;;;;;;Myrcella Baratheon;Doran Martell;;;;;;;;;;;;;;
Elia Martell;;;Martell;;TRUE;;;;Doran Martell;Oberyn Martell;;;;;;Rhaenys Targaryen;Aegon Targaryen;;;;Rhaegar Targaryen;;;;;;;;;;;Gregor Clegane;;;;;;;;;;;;;;;;;;
Eon Hunter;Barrington Cullen;;;;;;;;;;;;;;;;;;;;;;;;;;;;;;;;;;;;;;;;;;;;;;;;;
Euron Greyjoy;Pilou Asbæk;;Greyjoy;;;;;;Balon Greyjoy;Aeron Greyjoy;;;;;;;;;;;;;;;;;;;;;;Jaime Lannister;;;Balon Greyjoy;Obara Sand;Nymeria Sand;Rhaegal;;;;;;;;;;;;
Faceless Man;Cedric Henderson;;;;;;;;;;;;;;;;;;;;;;;;;;;;;;;;;;;;;;;;;;;;;;;;;
Farlen;Peter Ballance;;;;;;;;;;;;;;;;;;;;;;;;;;;;;;;;;;;;;;;;;;;;;;;;;
Gared;Dermot Keaney;;;;;;;;;;;;;;;;;;;;;;;;;;;;;;;White Walker;;;;;;;;;;;;;;;;;;
Gatins;Ricky Champ;;;;;;;;;;;;;;;;;;;;;;;;;;;;;;;Sandor Clegane;;;;;;;;;;;;;;;;;;
Gendry;Joe Dempsie;;Baratheon;;;Robert Baratheon;;;;;;;;;;;;;;;;;;;;;;;;;;;;;Kevin Eldon;Laurence Spellman;;;;;;;;;;;;;;
Gerold Hightower;Eddie Eyre;;;;;;;;;;;;;;;;;;;;;;;;;;;;;;;Eddard Stark;;;;;;;;;;;;;;;;;;
Ghost;;;Stark;;;;;;Grey Wind;Lady;Nymeria;Summer;Shaggydog;;;;;;;;;;;;Jon Snow;;;;;;;;;;Rast;;;;;;;;;;;;;;;
Gilly;Hannah Murray;;;;;Craster;;;;;;;;;;Baby Sam;;;;;Samwell Tarly;;;;;;;;;;;;;;;;;;;;;;;;;;;;;
Goldcloak;Alan Paris;;;;;;;;;;;;;;;;;;;;;;;;;;;;;;;;;;;;;;;;;;;;;;;;;
Goldcloak;Sam Callis;;;;;;;;;;;;;;;;;;;;;;;;;;;;;;;;;;;;;;;;;;;;;;;;;
Goldcloak #1;Nikovich Sammut;;;;;;;;;;;;;;;;;;;;;;;;;;;;;;;;;;;;;;;;;;;;;;;;;
Goldcloak #2;Seamus Kelly;;;;;;;;;;;;;;;;;;;;;;;;;;;;;;;;;;;;;;;;;;;;;;;;;
Grand Maester Pycelle;Julian Glover;;;;;;;;;;;;;;;;;;;;;;;;;;;;;;;Little Birds;;;;;;;;;;;;;;;;;;
Great Master #1;Emilio Doorgasingh;Gianpiero Cognoli;;;;;;;;;;;;;;;;;;;;;;;;;;;;;;Rebel Slaves;Viserion;Rhaegal;;;;;;;;;;;;;;;;
Great Master #2;Derek Horsham;Bobby Asghar;;;;;;;;;;;;;;;;;;;;;;;;;;;;;;;;;;;;;;;;;;;;;;;;
Great Master #3;Peter Silverleaf;;;;;;;;;;;;;;;;;;;;;;;;;;;;;;;;;;;;;;;;;;;;;;;;;
Great Master #4;Davor Jozinovic;;;;;;;;;;;;;;;;;;;;;;;;;;;;;;;;;;;;;;;;;;;;;;;;;
Great Master #5;Ivan Peric;;;;;;;;;;;;;;;;;;;;;;;;;;;;;;;;;;;;;;;;;;;;;;;;;
Great Master #6;Hadi Kermani;;;;;;;;;;;;;;;;;;;;;;;;;;;;;;;;;;;;;;;;;;;;;;;;;
Great Master #7;Tonci Banov;;;;;;;;;;;;;;;;;;;;;;;;;;;;;;;;;;;;;;;;;;;;;;;;;
Greatjon Umber;Clive Mantle;;;;;;;;;;;;;;;Smalljon Umber;;;;;;;;;;;;;;;;;;;;;;;;;;;;;;;;;;
Gregor Clegane;Ian Whyte;Conan Stevens;;The Mountain;;;;;;;;;;;;;;;;;;;;;;;;Tywin Lannister;Cersei Lannister;;;Sandor Clegane;;;Elia Martell;Rhaenys Targaryen;Aegon Targaryen;Hugh of the Vale;Oberyn Martell;King's Landing Boaster;Faith Militant;Missandei;Qyburn;;;;;;;
Greizhen mo Ullhor;Cliff Barry;;;;;;;;;;;;;;;;;;;;;;;;;;;;;;;Unsullied;;;;;;;;;;;;;;;;;;
Grenn;Mark Stanley;;;;;;;;;;;;;;;;;;;;;;;;;;;;;;;Mag the Mighty;;;Mag the Mighty;;;;;;;;;;;;;;;
Grey Wind;;;Stark;;;;;;Lady;Nymeria;Summer;Shaggydog;Ghost;;;;;;;;;;;;Robb Stark;;;;;;;Frey Crossbowmen;;;Rennick;;;;;;;;;;;;;;;
Grey Worm;Jacob Anderson;;;;;;;;;;;;;;;;;;;;;;;;;;;Daenerys Targaryen;;;;;;;Belicho Paenymion;Razdal mo Eraz;Harry Strickland;;;;;;;;;;;;;
Hallyne;Roy Dotrice;;;;;;;;;;;;;;;;;;;;;;;;;;;;;;;;;;;;;;;;;;;;;;;;;
Handmaid;Sabrina Bartlett;;;;;;;;;;;;;;;;;;;;;;;;;;;;;;;;;;;;;;;;;;;;;;;;;
Handmaid;Sara Dylan;;;;;;;;;;;;;;;;;;;;;;;;;;;;;;;;;;;;;;;;;;;;;;;;;
Harald Karstark;Paul Rattray;;;;;Rickard Karstark;;;;;;;;;;Alys Karstark;;;;;;;;;;;;;;;;;;;;;;;;;;;;;;;;;;
Harry Strickland;Marc Rissmann;;;;;;;;;;;;;;;;;;;;;;;;;;;;;;;Grey Worm;;;;;;;;;;;;;;;;;;
High Priestess;Souad Faress;;;;;;;;;;;;;;;;;;;;;;;;;;;;;;;;;;;;;;;;;;;;;;;;;
High Septon;David Verrey;;;;;;;;;;;;;;;;;;;;;;;;;;;;;;;Kings Landing Rioters;;;;;;;;;;;;;;;;;;
High Septon;Paul Bentley;;;;;;;;;;;;;;;;;;;;;;;;;;;;;;;;;;;;;;;;;;;;;;;;;
High Sparrow;Jonathan Pryce;;;;;;;;;;;;;;;;;;;;;;;;;;;;;;;Cersei Lannister;;;;;;;;;;;;;;;;;;
Hizdahr zo Loraq;Joel Fry;;;;;;;;;;;;;;;;;;;;;;;;;;;;;;;Sons of the Harpy;;;;;;;;;;;;;;;;;;
Hodor;Kristian Nairn;;;;;;;;;;;;;;;;;;;;;;;;;;;;;;;Wights;;;Locke;;;;;;;;;;;;;;;
Hoster Tully;Christopher Newman;;Tully;;;;;;;;;;;;;;;;;;;;;;;;;;;;;;;;;;;;;;;;;;;;;;;
Hot Pie;Ben Hawkey;;;;;;;;;;;;;;;;;;;;;;;;;;;;;;;;;;;;;;;;;;;;;;;;;
Howland Reed;Leo Woodruff;;;;;;;;;;;;;;;Jojen Reed;Meera Reed;;;;;;;;;;;;;;;;;;Arthur Dayne;;;;;;;;;;;;;;;
Hugh of the Vale;Jefferson Hall;;;;;;;;;;;;;;;;;;;;;;;;;;;;;;;Gregor Clegane;;;;;;;;;;;;;;;;;;
Illyrio Mopatis;Roger Allam;;;;;;;;;;;;;;;;;;;;;;;;;;;;;;;;;;;;;;;;;;;;;;;;;
Ilyn Payne;Wilko Johnson;;;;;;;;;;;;;;;;;;;;;;;;;;;;;;;;;;Eddard Stark;;;;;;;;;;;;;;;
Irri;Amrita Acharia;;;;;;;;;;;;;;;;;;;;;;;;;;;;;;;Doreah;;;;;;;;;;;;;;;;;;
Izembaro;Richard E. Grant;;;;;;;;;;;;;;;;;;;;;;;;;;;;;;;;;;;;;;;;;;;;;;;;;
Jacks;Paul Caddell;;;;;;;;;;;;;;;;;;;;;;;;;;;;;;;;;;;;;;;;;;;;;;;;;
Jafer Flowers;James Cosmo;;;;;;;;;;;;;;;;;;;;;;;;;;;;;;;White Walker;;;;;;;;;;;;;;;;;;
Jaime Lannister;Nikolaj Coster-Waldau;;Lannister;The Kingslayer;;Tywin Lannister;;;Cersei Lannister;Tyrion Lannister;;;;;;Joffrey Baratheon;Myrcella Baratheon;Tommen Baratheon;;;;;;;Aerys II Targaryen;Robert Baratheon;Joffrey Baratheon;;;;;Roof collapse;;;Aerys II Targaryen;Jory Cassel;Alton Lannister;Torrhen Karstark;Olenna Tyrell;Euron Greyjoy;;;;;;;;;;
Janos Slynt;Dominic Carter;;;;;;;;;;;;;;;;;;;;;;;;;;;;;;;Jon Snow;;;Barra;;;;;;;;;;;;;;;
Jaqen H'ghar;Tom Wlaschiha;;;;;;;;;;;;;;;;;;;;;;;;;;;;;;;;;;The Tickler;Amory Lorch;Despondent Man;;;;;;;;;;;;;
Jaqen's Disguise;Patrick O'Kane;;;;;;;;;;;;;;;;;;;;;;;;;;;;;;;;;;;;;;;;;;;;;;;;;
Jaremy Rykker;Jeffrey O'Brien;;;;;;;;;;;;;;;;;;;;;;;;;;;;;;;;;;;;;;;;;;;;;;;;;
Jeor Mormont;James Cosmo;;Mormont;;;;;;;;;;;;;Jorah Mormont;;;;;;;;;;;;;;;;Rast;;;;;;;;;;;;;;;;;;
Jhiqui;Sarita Piotrowski;;;;;;;;;;;;;;;;;;;;;;;;;;;;;;;;;;;;;;;;;;;;;;;;;
Joffrey Baratheon;Jack Gleeson;;Baratheon;;TRUE;Robert Baratheon;Cersei Lannister;Jaime Lannister;Myrcella Baratheon;Tommen Baratheon;;;;;;;;;;;Sansa Stark;Margaery Tyrell;;;;;;;;;;Petyr Baelish;Olenna Tyrell;;Ros;;;;;;;;;;;;;;;
Jojen Reed;Thomas Brodie-Sangster;;;;;Howland Reed;;;Meera Reed;;;;;;;;;;;;;;;;;;;;;;;Meera Reed;;;;;;;;;;;;;;;;;;
Jon Arryn;John Standing;;;;;;;;;;;;;;;;;;;;;;;;Eddard Stark;Robert Baratheon;;;;;;Lysa Arryn;;;;;;;;;;;;;;;;;;
Jon Snow;Kit Harington;;Stark;;TRUE;Rhaegar Targaryen;Lyanna Stark;;;;;;;;;;;;;;Ygritte;;;Eddard Stark;;;;;;;;Alliser Thorne;Othell Yarwyck;Bowen Marsh;Othor;Qhorin Halfhand;Orell;Karl Tanner;Styr;Mance Rayder;Janos Slynt;White Walker;Alliser Thorne;Othell Yarwyck;Bowen Marsh;Olly;Lyanna Stark;Daenerys Targaryen;;
Jonos Bracken;Gerry O'Brien;;;;;;;;;;;;;;;;;;;;;;;;;;;;;;;;;;;;;;;;;;;;;;;;;
Jorah Mormont;Iain Glen;;Mormont;;;Jeor Mormont;;;;;;;;;;;;;;;;;;;;;;Daenerys Targaryen;;;;Wights;;;Qotho;Norvoshi Pit Fighter;Meereenese Champion;;;;;;;;;;;;;
Jory Cassel;Jamie Sives;;;;;;;;;;;;;;;;;;;;;;;;;;;Eddard Stark;;;;Jaime Lannister;;;;;;;;;;;;;;;;;;
Joyeuse Erenford;Kelly Long;;;;;;;;;;;;;;;;;;;;Walder Frey;;;;;;;;;;;Catelyn Stark;;;;;;;;;;;;;;;;;;
Karl Tanner;Burn Gorman;;;;;;;;;;;;;;;;;;;;;;;;;;;;;;;Jon Snow;;;Craster;;;;;;;;;;;;;;;
Karsi;Birgitte Hjort Sørensen;;;;;;;;;;;;;;;Johnna;Willa;;;;;;;;;;;;;;;Pack of Wights;;;;;;;;;;;;;;;;;;
Kayla;Pixie Le Knot;;;;;;;;;;;;;;;;;;;;;;;;;;;;;;;;;;;;;;;;;;;;;;;;;
Kegs;Tim Landers;;;;;;;;;;;;;;;;;;;;;;;;;;;;;;;Wildling;;;;;;;;;;;;;;;;;;
Kevan Lannister;Ian Gelder;;Lannister;;;;;;Tywin Lannister;;;;;;;Lancel Lannister;Martyn Lannister;Willem Lannister;;;;;;;;;;;;;;Cersei Lannister;;;;;;;;;;;;;;;;;;
Khal Drogo;Jason Momoa;;;;;;;;;;;;;;;Rhaego;;;;;Daenerys Targaryen;;;;;;;;;;;Daenerys Targaryen;;;Viserys Targaryen;Mago;;;;;;;;;;;;;;
Khal Moro;Joseph Naufahu;;;;;;;;;;;;;;;;;;;;;;;;;;;;;;;Daenerys Targaryen;;;;;;;;;;;;;;;;;;
Khal Rhalko;Andrei Claude;;;;;;;;;;;;;;;;;;;;;;;;;;;;;;;Daenerys Targaryen;;;;;;;;;;;;;;;;;;
King Joffrey Baratheon Dwarf;Raymond Griffiths;;;;;;;;;;;;;;;;;;;;;;;;;;;;;;;;;;;;;;;;;;;;;;;;;
King Renly Baratheon Dwarf;Dean Whatton;;;;;;;;;;;;;;;;;;;;;;;;;;;;;;;;;;;;;;;;;;;;;;;;;
King Robb Stark Dwarf;George Appleby;;;;;;;;;;;;;;;;;;;;;;;;;;;;;;;;;;;;;;;;;;;;;;;;;
King Stannis Baratheon Dwarf;Maxwell Laird;;;;;;;;;;;;;;;;;;;;;;;;;;;;;;;;;;;;;;;;;;;;;;;;;
King's Landing Rioter #1;Reg Wayment;;;;;;;;;;;;;;;;;;;;;;;;;;;;;;;Sandor Clegane;;;;;;;;;;;;;;;;;;
King's Landing Rioter #2;Marko Juraga;;;;;;;;;;;;;;;;;;;;;;;;;;;;;;;Sandor Clegane;;;;;;;;;;;;;;;;;;
King's Landing Rioter #3;Rea Separovic;;;;;;;;;;;;;;;;;;;;;;;;;;;;;;;Sandor Clegane;;;;;;;;;;;;;;;;;;
Kinvara;Ania Bukstein;;;;;;;;;;;;;;;;;;;;;;;;;;;;;;;;;;;;;;;;;;;;;;;;;
Kitty Frey;Lucy Hayes;;Frey;;;;;;;;;;;;;;;;;;Walder Frey;;;;;;;;;;;;;;;;;;;;;;;;;;;;;
Knight of House Frey;Patrick Ryan;;;;;;;;;;;;;;;;;;;;;;;;;;;;;;;;;;;;;;;;;;;;;;;;;
Knight of House Lynderly;Paddy Rocks;;;;;;;;;;;;;;;;;;;;;;;;;;;;;;;;;;;;;;;;;;;;;;;;;
Kovarro;Steven Cole;;;;;;;;;;;;;;;;;;;;;;;;;;;;;;;;;;;;;;;;;;;;;;;;;
Kraznys mo Nakloz;Dan Hildebrand;;;;;;;;;;;;;;;;;;;;;;;;;;;;;;;Drogon;;;;;;;;;;;;;;;;;;
Kurleket;Kevin Keenan;;;;;;;;;;;;;;;;;;;;;;;;;;;;;;;Mountain Clansman;;;;;;;;;;;;;;;;;;
Lady;;;Stark;;;;;;Grey Wind;Nymeria;Summer;Shaggydog;Ghost;;;;;;;;;;;;Sansa Stark;;;;;;;Eddard Stark;;;;;;;;;;;;;;;;;;
Lady Crane;Essie Davis;;;;;;;;;;;;;;;;;;;;;;;;;;;;;;;The Waif;;;;;;;;;;;;;;;;;;
Lancel Lannister;Eugene Simon;;Lannister;;;Kevan Lannister;;;Martyn Lannister;Willem Lannister;;;;;;;;;;;;;;;;;;;;;;Cersei Lannister;;;;;;;;;;;;;;;;;;
Lannister Captain;Aiden Condron;;;;;;;;;;;;;;;;;;;;;;;;;;;;;;;;;;;;;;;;;;;;;;;;;
Lannister Captain;Richard Laing;;;;;;;;;;;;;;;;;;;;;;;;;;;;;;;;;;;;;;;;;;;;;;;;;
Lannister Guardsman;Conor Delaney;;;;;;;;;;;;;;;;;;;;;;;;;;;;;;;;;;;;;;;;;;;;;;;;;
Lannister Messenger;Simon Stewart;;;;;;;;;;;;;;;;;;;;;;;;;;;;;;;;;;;;;;;;;;;;;;;;;
Lannister Scout;Chris Gallagher;;;;;;;;;;;;;;;;;;;;;;;;;;;;;;;;;;;;;;;;;;;;;;;;;
Lead Dornish Guard;Christian Vit;;;;;;;;;;;;;;;;;;;;;;;;;;;;;;;Bronn;;;;;;;;;;;;;;;;;;
Leaf;Kae Alexander;Octavia Selena Alexandru;;;;;;;;;;;;;;;;;;;;;;;;;;;;;;Wights;;;;;;;;;;;;;;;;;;
Lem Lemoncloak;Jóhannes Haukur Jóhannesson;;;;;;;;;;;;;;;;;;;;;;;;;;;;;;;Sandor Clegane;;;Brother Ray;;;;;;;;;;;;;;;
Leo Lefford;Vinnie McCabe;;;;;;;;;;;;;;;;;;;;;;;;;;;;;;;;;;;;;;;;;;;;;;;;;
Lhara;Sarine Sofair;;;;;;;;;;;;;;;;;;;;;;;;;;;;;;;;;;;;;;;;;;;;;;;;;
Little Bird;Samuel Paul Small;;;;;;;;;;;;;;;;;;;;;;;;;;;;;;;;;;;;;;;;;;;;;;;;;
Little Bird;Tristan Mercieca;;;;;;;;;;;;;;;;;;;;;;;;;;;;;;;;;;;;;;;;;;;;;;;;;
Little Bird #3;Michael Nevin;;;;;;;;;;;;;;;;;;;;;;;;;;;;;;;;;;;;;;;;;;;;;;;;;
Little Bird #4;Jesse Magee;;;;;;;;;;;;;;;;;;;;;;;;;;;;;;;;;;;;;;;;;;;;;;;;;
Little Bird #5;Iona Clarke;;;;;;;;;;;;;;;;;;;;;;;;;;;;;;;;;;;;;;;;;;;;;;;;;
Little Bird #6;Lucy Gallagher;;;;;;;;;;;;;;;;;;;;;;;;;;;;;;;;;;;;;;;;;;;;;;;;;
Little Bird #7;Fionn Kernan;;;;;;;;;;;;;;;;;;;;;;;;;;;;;;;;;;;;;;;;;;;;;;;;;
Loboda;Zachary Baharov;;;;;;;;;;;;;;;;;;;;;;;;;;;;;;;White Walker;;;;;;;;;;;;;;;;;;
Locke;Noah Taylor;;;;;;;;;;;;;;;;;;;;;;;;;;;;;;;Hodor;;;;;;;;;;;;;;;;;;
Lollys Stokeworth;Elizabeth Cadwallader;;;;;;;;;;;;;;;;;;;;Bronn;;;;;;;;;;;;;;;;;;;;;;;;;;;;;
Lommy Greenhands;Eros Vlahos;;;;;;;;;;;;;;;;;;;;;;;;;;;;;;;Polliver;;;;;;;;;;;;;;;;;;
Loras Tyrell;Finn Jones;;Tyrell;;;Mace Tyrell;;;Margaery Tyrell;;;;;;;;;;;;;;;;;;;;;;;Cersei Lannister;;;;;;;;;;;;;;;;;;
Lord Galbart Glover;Mark Coney;;;;;;;;;;;;;;;;;;;;;;;;;;;;;;;;;;;;;;;;;;;;;;;;;
Lord Portan;Gordon Fulton;;;;;;;;;;;;;;;;;;;;;;;;;;;;;;;;;;;;;;;;;;;;;;;;;
Lord Varys;Conleth Hill;;;;;;;;;;;;;;;;;;;;;;;;;;;;;;;Daenerys Targaryen;;;;;;;;;;;;;;;;;;
Lordsport Dockhand;Jer O'Leary;;;;;;;;;;;;;;;;;;;;;;;;;;;;;;;;;;;;;;;;;;;;;;;;;
Lothar Frey;Daniel Tuite;Tom Brooke;Frey;;;Walder Frey;;;;;;;;;;;;;;;;;;;;;;;;;;Arya Stark;;;Talisa Maegyr;;;;;;;;;;;;;;;
Loyal Night's Watchman #1;Steve Cash;;;;;;;;;;;;;;;;;;;;;;;;;;;;;;;;;;;;;;;;;;;;;;;;;
Loyal Night's Watchman #2;Robert Fawsitt;;;;;;;;;;;;;;;;;;;;;;;;;;;;;;;;;;;;;;;;;;;;;;;;;
Lyanna Mormont;Bella Ramsey;;Mormont;;;;;;;;;;;;;;;;;;;;;;;;;;;;;Wun Wun;;;Wun Wun;;;;;;;;;;;;;;;
Lyanna Stark;Aisling Franciosi;;Stark;;;Rickard Stark;;;Brandon Stark;Benjen Stark;Eddard Stark;;;;;Jon Snow;;;;;Robert Baratheon;Rhaegar Targaryen;;;;;;;;;;Jon Snow;;;;;;;;;;;;;;;;;;
Lysa Arryn;Kate Dickie;;Arryn;;;Hoster Tully;;;Catelyn Tully;Edmure Tully;;;;;;;;;;;Petyr Baelish;;;;;;;;;;;Petyr Baelish;;;Jon Arryn;;;;;;;;;;;;;;;
Mace Tyrell;Roger Ashton-Griffiths;;Tyrell;;;;;;;;;;;;;Margaery Tyrell;Loras Tyrell;;;;;;;;;;;;;;;Cersei Lannister;;;;;;;;;;;;;;;;;;
Maester Aemon;Peter Vaughan;;Targaryen;;;;;;;;;;;;;;;;;;;;;;;;;;;;;Old Age;;;;;;;;;;;;;;;;;;
Maester Cressen;Oliver Ford Davies;;;;;;;;;;;;;;;;;;;;;;;;;;;;;;;Maester Cressen;;;Maester Cressen;;;;;;;;;;;;;;;
Maester Luwin;Donald Sumpter;;;;;;;;;;;;;;;;;;;;;;;;;;;;;;;Osha;;;;;;;;;;;;;;;;;;
Maester Wolkan;Richard Rycroft;;;;;;;;;;;;;;;;;;;;;;;;;;;;;;;;;;;;;;;;;;;;;;;;;
Mag the Mighty;Neil Fingleton;;;;;;;;;;;;;;;;;;;;;;;;;;;;;;;Grenn;Donnel Hill;Cooper;Grenn;Donnel Hill;Cooper;;;;;;;;;;;;;
Maggy;Jodhi May;;;;;;;;;;;;;;;;;;;;;;;;;;;;;;;;;;;;;;;;;;;;;;;;;
Mago;Ivailo Dimitrov;;;;;;;;;;;;;;;;;;;;;;;;;;;;;;;Khal Drogo;;;;;;;;;;;;;;;;;;
Male Prostitute;Dennis Stokes;;;;;;;;;;;;;;;;;;;;;;;;;;;;;;;;;;;;;;;;;;;;;;;;;
Malko;Adewale Akinnuoye-Agbaje;;;;;;;;;;;;;;;;;;;;;;;;;;;;;;;;;;;;;;;;;;;;;;;;;
Mance Rayder;Ciarán Hinds;;;;;;;;;;;;;;;;;;;;;;;;;;;;;;;Melisandre;Jon Snow;;;;;;;;;;;;;;;;;
Mandon Moore;James Doran;;;;;;;;;;;;;;;;;;;;;;;;;;;;;;;Podrick Payne;;;;;;;;;;;;;;;;;;
Manservant;Conor Watters;;;;;;;;;;;;;;;;;;;;;;;;;;;;;;;;;;;;;;;;;;;;;;;;;
Marei;Josephine Gillan;;;;;;;;;;;;;;;;;;;;;;;;;;;;;;;;;;;;;;;;;;;;;;;;;
Margaery Tyrell;Natalie Dormer;;Tyrell;;;Mace Tyrell;;;Loras Tyrell;;;;;;;;;;;;Renly Baratheon;Joffrey Baratheon;Tommen Baratheon;;;;;;;;;Cersei Lannister;;;;;;;;;;;;;;;;;;
Margaery's Handmaiden;Aisling Jarrett-Gavin;;;;;;;;;;;;;;;;;;;;;;;;;;;;;;;;;;;;;;;;;;;;;;;;;
Marillion;Emun Elliott;;;;;;;;;;;;;;;;;;;;;;;;;;;;;;;;;;;;;;;;;;;;;;;;;
Martyn Lannister;Dean-Charles Chapman;;Lannister;;;Kevan Lannister;;;Lancel Lannister;Willem Lannister;;;;;;;;;;;;;;;;;;;;;;Rickard Karstark;;;;;;;;;;;;;;;;;;
Masha Heddle;Susie Kelly;;;;;;;;;;;;;;;;;;;;;;;;;;;;;;;;;;;;;;;;;;;;;;;;;
Matthos Seaworth;Kerr Logan;;;;;Davos Seaworth;;;;;;;;;;;;;;;;;;;;;;;;;;Bronn;;;;;;;;;;;;;;;;;;
Meera Reed;Ellie Kendrick;;;;;Howland Reed;;;;;;;;;;;;;;;;;;;;;;;;;;;;;Jojen Reed;White Walker;;;;;;;;;;;;;;
Meereen Slave Master;Laurence Doherty;;;;;;;;;;;;;;;;;;;;;;;;;;;;;;;;;;;;;;;;;;;;;;;;;
Melessa Tarly;Samantha Spiro;;;;;;;;;;;;;;;Dickon Tarly;Samwell Tarly;Talla Tarly;;;Randyll Tarly;;;;;;;;;;;;;;;;;;;;;;;;;;;;;
Melisandre;Carice van Houten;;;;;;;;;;;;;;;;;;;;;;;;;;;;;;;Old Age;;;Renly Baratheon;Axell Florent;Mance Rayder;Shireen Baratheon;;;;;;;;;;;;
Merchant Captain;Gary Pillai;;;;;;;;;;;;;;;;;;;;;;;;;;;;;;;Obara Sand;;;;;;;;;;;;;;;;;;
Mero;Mark Killeen;;;;;;;;;;;;;;;;;;;;;;;;;;;;;;;Daario Naharis;;;;;;;;;;;;;;;;;;
Meryn Trant;Ian Beattie;;;;;;;;;;;;;;;;;;;;;;;;;;;;;;;Arya Stark;;;Syrio Forel;;;;;;;;;;;;;;;
Mhaegen;Antonia Christophers;;;;;;;;;;;;;;;;;;;;;;;;;;;;;;;;;;;;;;;;;;;;;;;;;
Mikken;Boyd Rankin;;;;;;;;;;;;;;;;;;;;;;;;;;;;;;;;;;;;;;;;;;;;;;;;;
Mirelle;Elisa Lasowski;;;;;;;;;;;;;;;;;;;;;;;;;;;;;;;;;;;;;;;;;;;;;;;;;
Mirri Maz Duur;Mia Soteriou;;;;;;;;;;;;;;;;;;;;;;;;;;;;;;;Daenerys Targaryen;;;Rhaego;;;;;;;;;;;;;;;
Missandei;Nathalie Emmanuel;;;;;;;;;;;;;;;;;;;;;;;;;;;Daenerys Targaryen;;;;Gregor Clegane;;;;;;;;;;;;;;;;;;
Mord;Ciaran Bermingham;;;;;;;;;;;;;;;;;;;;;;;;;;;;;;;;;;;;;;;;;;;;;;;;;
Mossador;Reece Noi;;;;;;;;;;;;;;;;;;;;;;;;;;;;;;;Daario Naharis;;;Son of the Harpy;;;;;;;;;;;;;;;
Musician #1;Nanna Bryndís Hilmarsdóttir;;;;;;;;;;;;;;;;;;;;;;;;;;;;;;;;;;;;;;;;;;;;;;;;;
Musician #1;Jon Thor Birgisson;;;;;;;;;;;;;;;;;;;;;;;;;;;;;;;;;;;;;;;;;;;;;;;;;
Musician #2;Ragnar Þórhallsson;;;;;;;;;;;;;;;;;;;;;;;;;;;;;;;;;;;;;;;;;;;;;;;;;
Musician #2;Orri P. Dyrason;;;;;;;;;;;;;;;;;;;;;;;;;;;;;;;;;;;;;;;;;;;;;;;;;
Musician #3;Georg Holm;;;;;;;;;;;;;;;;;;;;;;;;;;;;;;;;;;;;;;;;;;;;;;;;;
Musician #3;Arnar Rosenkranz Hilmarsson;;;;;;;;;;;;;;;;;;;;;;;;;;;;;;;;;;;;;;;;;;;;;;;;;
Musician #4;Brynjar Leifsson;;;;;;;;;;;;;;;;;;;;;;;;;;;;;;;;;;;;;;;;;;;;;;;;;
Musician #5;Kristján Kristjánsson;;;;;;;;;;;;;;;;;;;;;;;;;;;;;;;;;;;;;;;;;;;;;;;;;
Mycah;Rhodri Hosking;;;;;;;;;;;;;;;;;;;;;;;;;;;;;;;Sandor Clegane;;;;;;;;;;;;;;;;;;
Myranda;Charlotte Hope;;;;;;;;;;;;;;;;;;;;;;;;;;;;;;;Theon Greyjoy;;;;;;;;;;;;;;;;;;
Myrcella Baratheon;Aimee Richardson;Nell Tiger Free;Baratheon;;TRUE;Robert Baratheon;Cersei Lannister;Jaime Lannister;Joffrey Baratheon;Tommen Baratheon;;;;;;;;;;;Trystane Martell;;;;;;;;;;;Ellaria Sand;;;;;;;;;;;;;;;;;;
Ned Umber;Harry Grasby;;Umber;;;;;;;;;;;;;;;;;;;;;;;;;;;;;The Night King;;;;;;;;;;;;;;;;;;
Night's Watch Deserter;Barry John O'Connor;;;;;;;;;;;;;;;;;;;;;;;;;;;;;;;;;;;;;;;;;;;;;;;;;
Night's Watch Messenger;Frank O'Sullivan;;;;;;;;;;;;;;;;;;;;;;;;;;;;;;;;;;;;;;;;;;;;;;;;;
Night's Watch Officer;Dennis McKeever;;;;;;;;;;;;;;;;;;;;;;;;;;;;;;;;;;;;;;;;;;;;;;;;;
Night's Watch Officer;Michael Stuart;;;;;;;;;;;;;;;;;;;;;;;;;;;;;;;;;;;;;;;;;;;;;;;;;
Night's Watchman;Marcus Lamb;;;;;;;;;;;;;;;;;;;;;;;;;;;;;;;;;;;;;;;;;;;;;;;;;
Night's Watchman;Michael Hooley;;;;;;;;;;;;;;;;;;;;;;;;;;;;;;;;;;;;;;;;;;;;;;;;;
Night's Watchman;Patrick J Molloy;;;;;;;;;;;;;;;;;;;;;;;;;;;;;;;;;;;;;;;;;;;;;;;;;
Night's Watchman #1;Michael Hayes;;;;;;;;;;;;;;;;;;;;;;;;;;;;;;;;;;;;;;;;;;;;;;;;;
Night's Watchman #2;Ruairí Heading;;;;;;;;;;;;;;;;;;;;;;;;;;;;;;;;;;;;;;;;;;;;;;;;;
Night's Watchman #2;Tony Flynn;;;;;;;;;;;;;;;;;;;;;;;;;;;;;;;;;;;;;;;;;;;;;;;;;
Northman Rioter;Jed Murray;;;;;;;;;;;;;;;;;;;;;;;;;;;;;;;;;;;;;;;;;;;;;;;;;
Nymeria;;;Stark;;;;;;Grey Wind;Lady;Summer;Shaggydog;Ghost;;;;;;;;;;;;Arya Stark;;;;;;;;;;;;;;;;;;;;;;;;;
Nymeria Sand;Jessica Henwick;;Martell;;;Oberyn Martell;;;;;;;;;;;;;;;;;;;;;;;;;;Euron Greyjoy;;;;;;;;;;;;;;;;;;
Obara Sand;Keisha Castle-Hughes;;Martell;;;Oberyn Martell;;;;;;;;;;;;;;;;;;;;;;;;;;Euron Greyjoy;;;Merchant Captain;Trystane Martell;;;;;;;;;;;;;;
Oberyn Martell;Pedro Pascal;;Martell;;;;;;Doran Martell;Elia Martell;;;;;;Obara Sand;Nymeria Sand;Tyene Sand;;;Ellaria Sand;;;;;;;;;;;Gregor Clegane;;;;;;;;;;;;;;;;;;
Old Nan;Margaret John;;;;;;;;;;;;;;;;;;;;;;;;;;;;;;;;;;;;;;;;;;;;;;;;;
Old Woman Prisoner;Gina Moxley;;;;;;;;;;;;;;;;;;;;;;;;;;;;;;;;;;;;;;;;;;;;;;;;;
Olenna Tyrell;Diana Rigg;;Tyrell;;;;;;;;;;;;;Mace Tyrell;;;;;;;;;;;;;;;;Jaime Lannister;;;Joffrey Baratheon;;;;;;;;;;;;;;;
Olly;Brenock O'Connor;;;;;;;;;;;;;;;;;;;;;;;;;;;;;;;Jon Snow;;;Ygritte;Jon Snow;;;;;;;;;;;;;;
Olyvar;Will Tudor;;;;;;;;;;;;;;;;;;;;;;;;;;;;;;;;;;;;;;;;;;;;;;;;;
Orell;Mackenzie Crook;;;;;;;;;;;;;;;;;;;;;;;;;;;;;;;Jon Snow;;;;;;;;;;;;;;;;;;
Ornela;Hannah John-Kamen;;;;;;;;;;;;;;;;;;;;;;;;;;;;;;;;;;;;;;;;;;;;;;;;;
Osha;Natalia Tena;;;;;;;;;;;;;;;;;;;;;;;;;;;;;;;Ramsay Snow;;;Drennan;Maester Luwin;;;;;;;;;;;;;;
Othell Yarwyck;Brian Fortune;;;;;;;;;;;;;;;;;;;;;;;;;;;;;;;Jon Snow;;;Jon Snow;;;;;;;;;;;;;;;
Pentoshi Servant;Rania Zouari;;;;;;;;;;;;;;;;;;;;;;;;;;;;;;;;;;;;;;;;;;;;;;;;;
Petyr Baelish;Aidan Gillen;;;Littlefinger;;;;;;;;;;;;;;;;;Lysa Arryn;;;;;;;;;;;Arya Stark;;;Joffrey Baratheon;Dontos Hollard;Lysa Arryn;;;;;;;;;;;;;
Podrick Payne;Daniel Portman;;;;;;;;;;;;;;;;;;;;;;;;;;;Tyrion Lannister;Brienne of Tarth;Bran Stark;;;;;Mandon Moore;Bolton Soldier;;;;;;;;;;;;;;
Polliver;Andy Kellegher;;;;;;;;;;;;;;;;;;;;;;;;;;;;;;;Arya Stark;;;Lommy Greenhands;;;;;;;;;;;;;;;
Prendahl na Ghezn;Ramon Tikaram;;;;;;;;;;;;;;;;;;;;;;;;;;;;;;;Daario Naharis;;;;;;;;;;;;;;;;;;
Pyat Pree;Ian Hanmore;;;;;;;;;;;;;;;;;;;;;;;;;;;;;;;Drogon;Viserion;Rhaegal;Spice King;Silk King;;;;;;;;;;;;;;
Pypar;Josef Altin;;;;;;;;;;;;;;;;;;;;;;;;;;;;;;;Ygritte;;;;;;;;;;;;;;;;;;
Qhono;Staz Nair;;;;;;;;;;;;;;;;;;;;;;;;;;;;;;;;;;;;;;;;;;;;;;;;;
Qhorin Halfhand;Simon Armstrong;;;;;;;;;;;;;;;;;;;;;;;;;;;;;;;Jon Snow;;;;;;;;;;;;;;;;;;
Qotho;Dar Salim;;;;;;;;;;;;;;;;;;;;;;;;;;;;;;;Jorah Mormont;;;;;;;;;;;;;;;;;;
Quaithe;Laura Pradelska;;;;;;;;;;;;;;;;;;;;;;;;;;;;;;;;;;;;;;;;;;;;;;;;;
Qyburn;Anton Lesser;;;;;;;;;;;;;;;;;;;;;;;;;;;Cersei Lannister;;;;Gregor Clegane;;;;;;;;;;;;;;;;;;
Rakharo;Elyes Gabel;;;;;;;;;;;;;;;;;;;;;;;;;;;;;;;Khal Jhaqo's Khalasar;;;;;;;;;;;;;;;;;;
Ramsay Snow;Iwan Rheon;;Bolton;;;Roose Bolton;;;;;;;;;;;;;;;Sansa Stark;;;;;;;;;;;Ramsay Snow's Hounds;;;Master Torturer;Medger Cerwyn;Lady Cerwyn;Unidentified Cerwyn;Old Woman;Roose Bolton;Osha;Rickon Stark;Wun Wun;;;;;;;
Randyll Tarly;James Faulkner;;;;;;;;;;;;;;;Dickon Tarly;Samwell Tarly;Talla Tarly;;;Melessa Tarly;;;;;;;;;;;Daenerys Targaryen;;;;;;;;;;;;;;;;;;
Rast;Luke Barnes;;;;;;;;;;;;;;;;;;;;;;;;;;;;;;;Ghost;;;Jeor Mormont;;;;;;;;;;;;;;;
Rattleshirt;Edward Dogliani;Ross O'Hennessy;;Lord of Bones;;;;;;;;;;;;;;;;;;;;;;;;;;;;Tormund Giantsbane;;;;;;;;;;;;;;;;;;
Razdal mo Eraz;George Georgiou;;;;;;;;;;;;;;;;;;;;;;;;;;;;;;;Grey Worm;;;;;;;;;;;;;;;;;;
Red Keep Stableboy;Hugo Culverhouse;;;;;;;;;;;;;;;;;;;;;;;;;;;;;;;Arya Stark;;;;;;;;;;;;;;;;;;
Red Priestess;Melanie Liburd;;;;;;;;;;;;;;;;;;;;;;;;;;;;;;;;;;;;;;;;;;;;;;;;;
Red Priestess;Rila Fukushima;;;;;;;;;;;;;;;;;;;;;;;;;;;;;;;;;;;;;;;;;;;;;;;;;
Renly Baratheon;Gethin Anthony;;Baratheon;;;;;;Robert Baratheon;Stannis Baratheon;;;;;;;;;;;Margaery Tyrell;;;;;;;;;;;Melisandre;;;;;;;;;;;;;;;;;;
Rhaegal;;;Targaryen;;;;;;Drogon;Viserion;;;;;;;;;;;;;;;Daenerys Targaryen;;;;;;;Euron Greyjoy;;;Pyat Pree;Great Master #1;;;;;;;;;;;;;;
Rhaegar Targaryen;Wilfred John Scolding;;Targaryen;;TRUE;Rhaella Targaryen;Aerys II Targaryen;;Daenerys Targaryen;Viserys Targaryen;;;;;;Jon Snow;Rhaenys Targaryen;Aegon Targaryen;;;Elia Martell;Lyanna Stark;;;;;;;;;;Robert Baratheon;;;;;;;;;;;;;;;;;;
Rhaego;;;;;;Khal Drogo;Daenerys Targaryen;;;;;;;;;;;;;;;;;;;;;;;;;Mirri Maz Duur;;;;;;;;;;;;;;;;;;
Rhaella Targaryen;Charlize Theron;;Targaryen;;TRUE;;;;Aerys II Targaryen;;;;;;;Daenerys Targaryen;Rhaegar Targaryen;Viserys Targaryen;;;Aerys II Targaryen;;;;;;;;;;;;;;;;;;;;;;;;;;;;;
Rhaenys Targaryen;Eve Best;;Targaryen;;TRUE;Elia Martell;Rhaegar Targaryen;;Aegon Targaryen;Jon Snow;;;;;;;;;;;;;;;;;;;;;;Gregor Clegane;;;;;;;;;;;;;;;;;;
Rickard Karstark;John Stahl;Steve Blount;;;;;;;;;;;;;;Harald Karstark;;;;;;;;;;;;;;;;Robb Stark;;;Martyn Lannister;Willem Lannister;;;;;;;;;;;;;;
Rickard Stark;Wayne Foskett;;Stark;;;;;;;;;;;;;Brandon Stark;Benjen Stark;Eddard Stark;Lyanna Stark;;;;;;;;;;;;;Aerys II Targaryen;;;;;;;;;;;;;;;;;;
Rickon Stark;Art Parkinson;;Stark;;;Eddard Stark;Catelyn Stark;;Robb Stark;Sansa Stark;Arya Stark;Bran Stark;;;;;;;;;;;;Shaggydog;;;;;;;;Ramsay Snow;;;;;;;;;;;;;;;;;;
Robb Stark;Richard Madden;;Stark;;TRUE;Eddard Stark;Catelyn Stark;;Sansa Stark;Arya Stark;Bran Stark;Rickon Stark;;;;;;;;;Roslin Frey;Talisa Maegyr;;Grey Wind;;;;;;;;Roose Bolton;;;Wallen;Rickard Karstark;;;;;;;;;;;;;;
Robert Baratheon;Mark Addy;;Baratheon;;TRUE;;;;Stannis Baratheon;Renly Baratheon;;;;;;Joffrey Baratheon;Myrcella Baratheon;Tommen Baratheon;;;Lyanna Stark;Cersei Lannister;;Jon Arryn;;;;;;;;Boar;;;Rhaegar Targaryen;;;;;;;;;;;;;;;
Robett Glover;Tim McInnerny;;;;;;;;;;;;;;;;;;;;;;;;;;;;;;;;;;;;;;;;;;;;;;;;;
Robin Arryn;Lino Facioli;;;;;Jon Arryn;Lysa Arryn;;;;;;;;;;;;;;;;;;;;;;;;;;;;;;;;;;;;;;;;;;;
Rodrik Cassel;Ron Donachie;;;;;;;;;;;;;;;;;;;;;;;;;;;Eddard Stark;;;;Theon Greyjoy;;;;;;;;;;;;;;;;;;
Roose Bolton;Michael McElhatton;;Bolton;;;;;;;;;;;;;Ramsay Snow;;;;;Walda Bolton;;;;;;;;;;;Ramsay Snow;;;Robb Stark;;;;;;;;;;;;;;;
Rorge;Andy Beckwith;;;;;;;;;;;;;;;;;;;;;;;;;;;;;;;Arya Stark;;;;;;;;;;;;;;;;;;
Ros;Esmé Bianco;;;;;;;;;;;;;;;;;;;;;;;;;;;;;;;Joffrey Baratheon;;;;;;;;;;;;;;;;;;
Roslin Frey;Alexandra Dowling;;Frey;;;Walder Frey;;;;;;;;;;;;;;;Robb Stark;Edmure Tully;;;;;;;;;;;;;;;;;;;;;;;;;;;;
Royal Steward;Robert Sterne;;;;;;;;;;;;;;;;;;;;;;;;;;;;;;;;;;;;;;;;;;;;;;;;;
Ryger Rivers;Bryan McCaugherty;;;;;Walder Frey;;;;;;;;;;;;;;;;;;;;;;;;;;;;;;;;;;;;;;;;;;;;
Salladhor Saan;Lucian Msamati;;;;;;;;;;;;;;;;;;;;;;;;;;;;;;;;;;;;;;;;;;;;;;;;;
Samwell Tarly;John Bradley;;;;;Randyll Tarly;Melessa Tarly;;Dickon Tarly;Talla Tarly;;;;;;Baby Sam;;;;;Gilly;;;;;;;;;;;;;;White Walker;Thenn Warg;;;;;;;;;;;;;;
Sandor Clegane;Rory McCann;;;The Hound;;;;;Gregor Clegane;;;;;;;;;;;;;;;;;;;;;;;Sandor Clegane;;;Mycah;Kings Landing Rioter #1;Kings Landing Rioter #2;Kings Landing Rioter #3;Beric Dondarrion;Frey Soldier #2;Lowell;Dying Man;Biter;Steve;Riddell;Gatins;Morgan;Lem Lemoncloak;Gregor Clegane;Sandor Clegane
Sansa Stark;Sophie Turner;;Stark;;TRUE;Eddard Stark;Catelyn Stark;;Robb Stark;Arya Stark;Bran Stark;Rickon Stark;;;;;;;;;Joffrey Baratheon;Tyrion Lannister;Ramsay Snow;Lady;;;;;;;;;;;;;;;;;;;;;;;;;;
Selyse Baratheon;Tara Fitzgerald;Sarah MacKeever;Baratheon;;;;;;;;;;;;;Shireen Baratheon;;;;;Stannis Baratheon;;;;;;;;;;;Selyse Baratheon;;;Selyse Baratheon;;;;;;;;;;;;;;;
Septa Moelle;Maggie Hayes;;;;;;;;;;;;;;;;;;;;;;;;;;;;;;;;;;;;;;;;;;;;;;;;;
Septa Mordane;Susan Brown;;;;;;;;;;;;;;;;;;;;;;;;;;;;;;;Lannister Guardsman;;;;;;;;;;;;;;;;;;
Septa Scolera;Mary Jordan;;;;;;;;;;;;;;;;;;;;;;;;;;;;;;;;;;;;;;;;;;;;;;;;;
Septa Unella;Hannah Waddingham;;;;;;;;;;;;;;;;;;;;;;;;;;;;;;;;;;;;;;;;;;;;;;;;;
Septon;Kenneth Hadley;;;;;;;;;;;;;;;;;;;;;;;;;;;;;;;;;;;;;;;;;;;;;;;;;
Septon;Terry Byrne;;;;;;;;;;;;;;;;;;;;;;;;;;;;;;;;;;;;;;;;;;;;;;;;;
Ser Endrew Tarth;Dez McMahon;;;;;;;;;;;;;;;;;;;;;;;;;;;;;;;;;;;;;;;;;;;;;;;;;
Shae;Sibel Kekilli;;;;;;;;;;;;;;;;;;;;;;;;;;;;;;;Tyrion Lannister;;;;;;;;;;;;;;;;;;
Shagga;Mark Lewis Jones;;;;;;;;;;;;;;;;;;;;;;;;;;;;;;;;;;;;;;;;;;;;;;;;;
Shaggydog;;;Stark;;;;;;Grey Wind;Lady;Nymeria;Summer;Ghost;;;;;;;;;;;;Rickon Stark;;;;;;;Smalljon Umber;;;;;;;;;;;;;;;;;;
Shireen Baratheon;Kerry Ingram;;Baratheon;;;Stannis Baratheon;Selyse Baratheon;;;;;;;;;;;;;;;;;;;;;;;;;Melisandre;;;;;;;;;;;;;;;;;;
Silk King;Slavko Juraga;;;;;;;;;;;;;;;;;;;;;;;;;;;;;;;Pyat Pree;;;;;;;;;;;;;;;;;;
Smalljon Umber;Dean S. Jagger;;;;;Greatjon Umber;;;;;;;;;;;;;;;;;;;;;;;;;;Tormund Giantsbane;;;Shaggydog;;;;;;;;;;;;;;;
Spice King;Nicholas Blane;;;;;;;;;;;;;;;;;;;;;;;;;;;;;;;Pyat Pree;;;;;;;;;;;;;;;;;;
Stannis Baratheon;Stephen Dillane;;Baratheon;;;;;;Robert Baratheon;Renly Baratheon;;;;;;Shireen Baratheon;;;;;Selyse Baratheon;;;;;;;;;;;Brienne of Tarth;;;Gordy;Simpson;;;;;;;;;;;;;;
Stark Bannerman;Michael Stuart;;;;;;;;;;;;;;;;;;;;;;;;;;;;;;;;;;;;;;;;;;;;;;;;;
Stark Guard;Faolan Morgan;;;;;;;;;;;;;;;;;;;;;;;;;;;;;;;;;;;;;;;;;;;;;;;;;
Stark Guard;Rick Burn;;;;;;;;;;;;;;;;;;;;;;;;;;;;;;;;;;;;;;;;;;;;;;;;;
Stark Guard;David Sheehan;;;;;;;;;;;;;;;;;;;;;;;;;;;;;;;;;;;;;;;;;;;;;;;;;
Stark Guard;Paul Monahan;;;;;;;;;;;;;;;;;;;;;;;;;;;;;;;;;;;;;;;;;;;;;;;;;
Steelshanks Walton;Jamie Michie;;;;;;;;;;;;;;;;;;;;;;;;;;;;;;;;;;;;;;;;;;;;;;;;;
Stevron Frey;Colin Carnegie;;Frey;;;;;;;;;;;;;;;;;;;;;;;;;;;;;;;;;;;;;;;;;;;;;;;
Stiv;Stephen Don;;;;;;;;;;;;;;;;;;;;;;;;;;;;;;;Theon Greyjoy;;;;;;;;;;;;;;;;;;
Styr;Yuri Kolokolnikov;;;;;;;;;;;;;;;;;;;;;;;;;;;;;;;Jon Snow;;;Olly's Mother;;;;;;;;;;;;;;;
Summer;;;Stark;;;;;;Grey Wind;Lady;Nymeria;Shaggydog;Ghost;;;;;;;;;;;;Bran Stark;;;;;;;Wights;;;Catspaw Assassin;;;;;;;;;;;;;;;
Syrio Forel;Miltos Yerolemou;;;;;;;;;;;;;;;;;;;;;;;;;;;;;;;Meryn Trant;;;;;;;;;;;;;;;;;;
Talisa Maegyr;Oona Chaplin;;;;;;;;;;;;;;;;;;;;Robb Stark;;;;;;;;;;;Lothar Frey;;;;;;;;;;;;;;;;;;
Talla Tarly;Rebecca Benson;;Tarly;;;Randyll Tarly;Melessa Tarly;;Dickon Tarly;Samwell Tarly;;;;;;;;;;;;;;;;;;;;;;;;;;;;;;;;;;;;;;;;
Ternesio Terys;Gary Oliver;;;;;;;;;;;;;;;;;;;;;;;;;;;;;;;;;;;;;;;;;;;;;;;;;
The Bear;Bart the Bear;;;;;;;;;;;;;;;;;;;;;;;;;;;;;;;;;;;;;;;;;;;;;;;;;
The Night King;Richard Brake;Vladimir 'Furdo' Furdik;;;;;;;;;;;;;;;;;;;;;;;;;;;;;;Arya Stark;;;Three-Eyed Raven;Viserion;Ned Umber;Theon Greyjoy;;;;;;;;;;;;
The Tickler;Anthony Morris;;;;;;;;;;;;;;;;;;;;;;;;;;;;;;;Jaqen H'ghar;;;Tortured Prisoner;;;;;;;;;;;;;;;
The Waif;Faye Marsay;;;;;;;;;;;;;;;;;;;;;;;;;;;;;;;Arya Stark;;;Lady Crane;;;;;;;;;;;;;;;
Thenn Warg;Joseph Gatt;;;;;;;;;;;;;;;;;;;;;;;;;;;;;;;Samwell Tarly;;;;;;;;;;;;;;;;;;
Theon Greyjoy;Alfie Allen;;Greyjoy;;;Balon Greyjoy;;;Yara Greyjoy;;;;;;;;;;;;;;;;;;;;;;;The Night King;;;Stiv;Rodrik Cassel;Myranda;Bolton Soldier;Harrag;;;;;;;;;;;
Thin Man;Oengus MacNamara;;;;;;;;;;;;;;;;;;;;;;;;;;;;;;;;;;;;;;;;;;;;;;;;;
Thoros of Myr;Paul Kaye;;;;;;;;;;;;;;;;;;;;;;;;;;;;;;;;;;;;;;;;;;;;;;;;;
Three-Eyed Raven;Struan Rodger;Max von Sydow;;;;;;;;;;;;;;;;;;;;;;;;;;;;;;The Night King;;;;;;;;;;;;;;;;;;
Timett;Tobias Winter;;;;;;;;;;;;;;;;;;;;;;;;;;;;;;;;;;;;;;;;;;;;;;;;;
Tobho Mott;Andrew Wilde;;;;;;;;;;;;;;;;;;;;;;;;;;;;;;;;;;;;;;;;;;;;;;;;;
Todder;Will O'Connell;;;;;;;;;;;;;;;;;;;;;;;;;;;;;;;;;;;;;;;;;;;;;;;;;
Tomard;Phil Dixon;;;;;;;;;;;;;;;;;;;;;;;;;;;;;;;;;;;;;;;;;;;;;;;;;
Tommen Baratheon;Callum Wharry;Dean-Charles Chapman;Baratheon;;TRUE;Robert Baratheon;Cersei Lannister;Jaime Lannister;Joffrey Baratheon;Myrcella Baratheon;;;;;;;;;;;Margaery Tyrell;;;;;;;;;;;Tommen Baratheon;;;Tommen Baratheon;;;;;;;;;;;;;;;
Tormund Giantsbane;Kristofer Hivju;;;;;;;;;;;;;;;;;;;;;;;;;;;;;;;;;;Rattleshirt;Smalljon Umber;;;;;;;;;;;;;;
Trystane Martell;Toby Sebastian;;Martell;;;Doran Martell;;;;;;;;;;;;;;;Myrcella Baratheon;;;;;;;;;;;Obara Sand;;;;;;;;;;;;;;;;;;
Tycho Nestoris;Mark Gatiss;;;;;;;;;;;;;;;;;;;;;;;;;;;;;;;;;;;;;;;;;;;;;;;;;
Tyene Sand;Rosabell Laurenti Sellers;;Martell;;;Oberyn Martell;Ellaria Sand;;;;;;;;;;;;;;;;;;;;;;;;;Cersei Lannister;;;Areo Hotah;Maester Caleotte;;;;;;;;;;;;;;
Tyrion Lannister;Peter Dinklage;;Lannister;;;Tywin Lannister;;;Cersei Lannister;Jaime Lannister;;;;;;;;;;;Sansa Stark;;;;;;;Daenerys Targaryen;;;;;;;Shae;Tywin Lannister;;;;;;;;;;;;;;
Tywin Lannister;Charles Dance;;Lannister;;;;;;;;;;;Gregor Clegane;;Jaime Lannister;Cersei Lannister;Tyrion Lannister;;;;;;;;;;;;;;Tyrion Lannister;;;;;;;;;;;;;;;;;;
Vala;Meena Rayann;;;;;;;;;;;;;;;;;;;;;;;;;;;;;;;;;;;;;;;;;;;;;;;;;
Vardis Egen;Brendan McCormack;;;;;;;;;;;;;;;;;;;;;;;;;;;;;;;Bronn;;;;;;;;;;;;;;;;;;
Varly;Graham Charles;;;;;;;;;;;;;;;;;;;;;;;;;;;;;;;Goldcloak;;;;;;;;;;;;;;;;;;
Viserion;;;Targaryen;;;;;;Drogon;Rhaegal;;;;;;;;;;;;;;;Daenerys Targaryen;;;;;;;The Night King;Arya Stark;;Pyat Pree;Great Master #1;;;;;;;;;;;;;;
Viserys Targaryen;Harry Lloyd;;Targaryen;;TRUE;Rhaella Targaryen;Aerys II Targaryen;;Daenerys Targaryen;Rhaegar Targaryen;;;;;;;;;;;;;;;;;;;;;;Khal Drogo;;;;;;;;;;;;;;;;;;
Walda Bolton;Elizabeth Webster;;Bolton;;;;;;;;;;;;;;;;;;Roose Bolton;;;;;;;;;;;Ramsay Snow's Hounds;;;;;;;;;;;;;;;;;;
Walder Frey;David Bradley;;Frey;;;;;;;;;;;;;Black Walder Rivers;Lothar Frey;Roslin Frey;Ryger Rivers;;Joyeuse Erenford;Kitty Frey;;;;;;;;;;Arya Stark;;;;;;;;;;;;;;;;;;
Wallen;Barry O'Connor;;;;;;;;;;;;;;;;;;;;;;;;;;;;;;;Robb Stark;;;;;;;;;;;;;;;;;;
Warlock;Lottie Steer;;;;;;;;;;;;;;;;;;;;;;;;;;;;;;;;;;;;;;;;;;;;;;;;;
Waymar Royce;Rob Ostlere;;;;;Yohn Royce;;;;;;;;;;;;;;;;;;;;;;;;;;White Walker;;;;;;;;;;;;;;;;;;
Wedding Band;Sigur Rós;;;;;;;;;;;;;;;;;;;;;;;;;;;;;;;;;;;;;;;;;;;;;;;;;
White Walker;Ian Whyte;;;;;;;;;;;;;;;;;;;;;;;;;;;;;;;;;;;;;;;;;;;;;;;;;
White Walker;Ross Mullan;;;;;;;;;;;;;;;;;;;;;;;;;;;;;;;Samwell Tarly;;;;;;;;;;;;;;;;;;
White Walker;Tim Loane;;;;;;;;;;;;;;;;;;;;;;;;;;;;;;;Jon Snow;;;Loboda;;;;;;;;;;;;;;;
White Walker #2;Spencer Wilding;;;;;;;;;;;;;;;;;;;;;;;;;;;;;;;;;;;;;;;;;;;;;;;;;
Wight Wildling Girl;Claire Wright;;;;;;;;;;;;;;;;;;;;;;;;;;;;;;;;;;;;;;;;;;;;;;;;;
Wildling Rioter;Michael Patrick;;;;;;;;;;;;;;;;;;;;;;;;;;;;;;;;;;;;;;;;;;;;;;;;;
Will;Bronson Webb;;;;;;;;;;;;;;;;;;;;;;;;;;;;;;;Eddard Stark;;;;;;;;;;;;;;;;;;
Willem Lannister;Timothy Gibbons;;Lannister;;;Kevan Lannister;;;Lancel Lannister;Martyn Lannister;;;;;;;;;;;;;;;;;;;;;;Rickard Karstark;;;;;;;;;;;;;;;;;;
Willis Wode;Ryan McKenna;;;;;;;;;;;;;;;;;;;;;;;;;;;;;;;Mountain Clansman;;;;;;;;;;;;;;;;;;
Wine Merchant;Simon Lowe;;;;;;;;;;;;;;;;;;;;;;;;;;;;;;;;;;;;;;;;;;;;;;;;;
Winterfell Shepherd;Donagh Deeney;;;;;;;;;;;;;;;;;;;;;;;;;;;;;;;;;;;;;;;;;;;;;;;;;
Wun Wun;Ian Whyte;;;;;;;;;;;;;;;;;;;;;;;;;;;;;;;Ramsay Snow;Lyanna Mormont;;Lyanna Mormont;;;;;;;;;;;;;;;
Wyllis;Sam Coleman;;;;;;;;;;;;;;;;;;;;;;;;;;;;;;;;;;;;;;;;;;;;;;;;;
Xaro Xhoan Daxos;Nonso Anozie;;;;;;;;;;;;;;;;;;;;;;;;;;;;;;;Daenerys Targaryen;;;;;;;;;;;;;;;;;;
Yara Greyjoy;Gemma Whelan;;Greyjoy;;;Balon Greyjoy;;;Theon Greyjoy;;;;;;;;;;;;;;;;;;;;;;;;;;;;;;;;;;;;;;;;;
Yezzan zo Qaggaz;Enzo Cilenti;;;;;;;;;;;;;;;;;;;;;;;;;;;;;;;;;;;;;;;;;;;;;;;;;
Ygritte;Rose Leslie;;;;;;;;;;;;;;;;;;;;Jon Snow;;;;;;;;;;;Olly;;;Old Man;Guymon;Mole's Town Whore;Pypar;;;;;;;;;;;;
Yohn Royce;Rupert Vansittart;;;;;;;;;;;;;;;Waymar Royce;;;;;;;;;;;;;;;;;;;;;;;;;;;;;;;;;;
Yoren;Francis Magee;;;;;;;;;;;;;;;;;;;;;;;;;;;;;;;Amory Lorch;;;;;;;;;;;;;;;;;;
Young Benjen Stark;Matteo Elezi;;Stark;;;;;;;;;;;;;;;;;;;;;;;;;;;;;;;;;;;;;;;;;;;;;;;
Young Cersei Lannister;Nell Williams;;Lannister;;;;;;;;;;;;;;;;;;;;;;;;;;;;;;;;;;;;;;;;;;;;;;;
Young Lyanna Stark;Cordelia Hill;;Stark;;;;;;;;;;;;;;;;;;;;;;;;;;;;;;;;;;;;;;;;;;;;;;;
Young Nan;Annette Tierney;;;;;;;;;;;;;;;;;;;;;;;;;;;;;;;;;;;;;;;;;;;;;;;;;
Young Ned;Robert Aramayo;;Stark;;;;;;;;;;;;;;;;;;;;;;;;;;;;;;;;;;;;;;;;;;;;;;;
Young Ned Stark;Sebastian Croft;;Stark;;;;;;;;;;;;;;;;;;;;;;;;;;;;;;;;;;;;;;;;;;;;;;;
Young Rodrik Cassel;Fergus Leathem;;;;;;;;;;;;;;;;;;;;;;;;;;;;;;;;;;;;;;;;;;;;;;;;;
Zanrush;Gerald Lepkowski;;;;;;;;;;;;;;;;;;;;;;;;;;;;;;;;;;;;;;;;;;;;;;;;;