episodes/seasonNum;episodes/episodeNum;episodes/episodeTitle;episodes/episodeAirDate;episodes/episodeDescription;episodes/openingSequenceLocations/0;episodes/openingSequenceLocations/1;episodes/openingSequenceLocations/2;episodes/openingSequenceLocations/3;episodes/scenes/0/sceneStart;episodes/scenes/0/sceneEnd;episodes/scenes/0/location;episodes/scenes/0/subLocation;episodes/scenes/0/characters/0/name;episodes/scenes/0/characters/1/name;episodes/scenes/0/characters/2/name;episodes/scenes/1/sceneStart;episodes/scenes/1/sceneEnd;episodes/scenes/1/location;episodes/scenes/1/subLocation;episodes/scenes/1/characters/0/name;episodes/scenes/1/characters/1/name;episodes/scenes/1/characters/2/name;episodes/scenes/2/sceneStart;episodes/scenes/2/sceneEnd;episodes/scenes/2/location;episodes/scenes/2/subLocation;episodes/scenes/2/characters/0/name;episodes/scenes/2/characters/1/name;episodes/scenes/3/sceneStart;episodes/scenes/3/sceneEnd;episodes/scenes/3/location;episodes/scenes/3/subLocation;episodes/scenes/3/characters/0/name;episodes/scenes/4/sceneStart;episodes/scenes/4/sceneEnd;episodes/scenes/4/location;episodes/scenes/4/subLocation;episodes/scenes/5/sceneStart;episodes/scenes/5/sceneEnd;episodes/scenes/5/location;episodes/scenes/5/subLocation;episodes/scenes/5/characters/0/name;episodes/scenes/5/characters/1/name;episodes/scenes/5/characters/2/name;episodes/scenes/6/sceneStart;episodes/scenes/6/sceneEnd;episodes/scenes/6/location;episodes/scenes/6/subLocation;episodes/scenes/6/characters/0/name;episodes/scenes/7/sceneStart;episodes/scenes/7/sceneEnd;episodes/scenes/7/location;episodes/scenes/7/subLocation;episodes/scenes/7/characters/0/name;episodes/scenes/7/characters/1/name;episodes/scenes/8/sceneStart;episodes/scenes/8/sceneEnd;episodes/scenes/8/location;episodes/scenes/8/subLocation;episodes/scenes/8/characters/0/name;episodes/scenes/9/sceneStart;episodes/scenes/9/sceneEnd;episodes/scenes/9/location;episodes/scenes/9/subLocation;episodes/scenes/9/characters/0/name;episodes/scenes/9/characters/1/name;episodes/scenes/9/characters/2/name;episodes/scenes/10/sceneStart;episodes/scenes/10/sceneEnd;episodes/scenes/10/location;episodes/scenes/10/subLocation;episodes/scenes/10/characters/0/name
1;1;Winter Is Coming;2011-04-17;Jon Arryn, the Hand of the King, is dead. King Robert Baratheon plans to ask his oldest friend, Eddard Stark, to take Jon's place. Across the sea, Viserys Targaryen plans to wed his sister to a nomadic warlord in exchange for an army.;King's Landing;Winterfell;The Wall;Pentos;0:00:40;0:01:45;The Wall;Castle Black;Gared;Waymar Royce;Will;0:01:45;0:03:24;North of the Wall;The Haunted Forest;Gared;Waymar Royce;Will;0:03:24;0:03:31;North of the Wall;The Haunted Forest;Will;Wight Wildling Girl;0:03:31;0:03:38;North of the Wall;The Haunted Forest;Will;0:03:38;0:03:44;North of the Wall;The Haunted Forest;0:03:44;0:05:36;North of the Wall;The Haunted Forest;Gared;Waymar Royce;Will;0:05:36;0:05:41;North of the Wall;The Haunted Forest;Will;0:05:41;0:05:48;North of the Wall;The Haunted Forest;Gared;Waymar Royce;0:05:48;0:05:58;North of the Wall;The Haunted Forest;Will;0:05:58;0:06:21;North of the Wall;The Haunted Forest;Gared;Waymar Royce;White Walker;0:06:21;0:06:39;North of the Wall;The Haunted Forest;Will
1;2;The Kingsroad;2011-04-24;While Bran recovers from his fall, Ned takes only his daughters to King's Landing. Jon Snow goes with his uncle Benjen to The Wall. Tyrion joins them.;King's Landing;Winterfell;The Wall;Vaes Dothrak;0:02:22;0:05:28;The Dothraki Sea;;Jorah Mormont;Daenerys Targaryen;Khal Drogo;0:05:28;0:07:05;The North;Winterfell;Tyrion Lannister;Joffrey Baratheon;Sandor Clegane;0:07:05;0:09:18;The North;Winterfell;Tyrion Lannister;Jaime Lannister;0:09:18;0:11:44;The North;Winterfell;Catelyn Stark;0:11:44;0:13:26;The North;Winterfell;0:13:26;0:15:43;The North;Winterfell;Arya Stark;Nymeria;Jon Snow;0:15:43;0:19:22;The North;Winterfell;Catelyn Stark;0:19:22;0:20:07;The North;Winterfell;Jon Snow;Robb Stark;0:20:07;0:21:51;The North;Winterfell;Tyrion Lannister;0:21:51;0:25:10;The North;The Kingsroad South to King's Landing;Robert Baratheon;Eddard Stark;;0:25:10;0:25:56;The Dothraki Sea;Dothraki Camp;Khal Drogo
1;3;Lord Snow;2011-05-01;Lord Stark and his daughters arrive at King's Landing to discover the intrigues of the king's realm.;King's Landing;Winterfell;The Wall;Vaes Dothrak;0:01:47;0:02:42;The Crownlands;King's Landing;Eddard Stark;Sansa Stark;Arya Stark;0:02:42;0:05:17;The Crownlands;King's Landing;Eddard Stark;Jaime Lannister;;0:05:17;0:08:11;The Crownlands;King's Landing;Eddard Stark;Lord Varys;0:08:11;0:10:50;The Crownlands;King's Landing;Joffrey Baratheon;0:10:50;0:12:11;The Crownlands;King's Landing;0:12:11;0:15:48;The Crownlands;King's Landing;Arya Stark;Eddard Stark;;0:15:48;0:18:50;The North;Winterfell;Bran Stark;0:18:50;0:21:42;The Crownlands;King's Landing;Rodrik Cassel;Catelyn Stark;0:21:42;0:23:18;The Wall;Castle Black;Tyrion Lannister;0:23:18;0:24:07;The Crownlands;King's Landing;Eddard Stark;Grand Maester Pycelle;Petyr Baelish;0:24:07;0:24:42;The Crownlands;King's Landing;Eddard Stark
1;4;Cripples, Bastards, and Broken Things;2011-05-08;Eddard investigates Jon Arryn's murder. Jon befriends Samwell Tarly, a coward who has come to join the Night's Watch.;King's Landing;Winterfell;The Wall;Vaes Dothrak;0:01:47;0:02:36;The North;Winterfell;Three-Eyed Raven;Bran Stark;;0:02:36;0:03:30;The North;Winterfell;Bran Stark;Summer;Old Nan;0:03:30;0:05:13;The North;Winterfell;Tyrion Lannister;Robb Stark;0:05:13;0:06:40;The North;Winterfell;Theon Greyjoy;0:06:40;0:10:11;The Wall;Castle Black;0:10:11;0:11:21;Vaes Dothrak;;Khal Drogo;Jorah Mormont;Daenerys Targaryen;0:11:21;0:12:17;Vaes Dothrak;;Jorah Mormont;0:12:17;0:17:10;Vaes Dothrak;;Viserys Targaryen;Doreah;0:17:10;0:18:53;The Crownlands;King's Landing;Sansa Stark;0:18:53;0:21:17;The Crownlands;King's Landing;Eddard Stark;Petyr Baelish;Renly Baratheon;0:21:17;0:23:42;The Crownlands;King's Landing;Grand Maester Pycelle
1;5;The Wolf and the Lion;2011-05-15;Catelyn has captured Tyrion and plans to bring him to her sister, Lysa Arryn, at The Vale, to be tried for his, supposed, crimes against Bran. Robert plans to have Daenerys killed, but Eddard refuses to be a part of it and quits.;King's Landing;The Eyrie;Winterfell;The Wall;0:01:53;0:02:18;The Crownlands;King's Landing;Eddard Stark;;;0:02:18;0:02:55;The Crownlands;King's Landing;Hugh of the Vale;Eddard Stark;Barristan Selmy;0:02:55;0:03:50;The Crownlands;King's Landing;Eddard Stark;Barristan Selmy;0:03:50;0:06:23;The Crownlands;King's Landing;Robert Baratheon;0:06:23;0:10:22;The Crownlands;King's Landing;0:10:22;0:13:40;The Vale;Eastern Road;Marillion;Tyrion Lannister;Catelyn Stark;0:13:40;0:16:15;The North;Winterfell;Bran Stark;0:16:15;0:17:59;The North;Winterfell;Ros;Theon Greyjoy;0:17:59;0:18:13;The Crownlands;King's Landing;Arya Stark;0:18:13;0:20:47;The Crownlands;King's Landing;Lord Varys;Eddard Stark;Jory Cassel;0:20:47;0:22:17;The Crownlands;King's Landing;Arya Stark
1;6;A Golden Crown;2011-05-22;While recovering from his battle with Jaime, Eddard is forced to run the kingdom while Robert goes hunting. Tyrion demands a trial by combat for his freedom. Viserys is losing his patience with Drogo.;King's Landing;The Eyrie;Winterfell;The Wall;0:01:53;0:06:22;The Crownlands;King's Landing;Eddard Stark;Cersei Lannister;Robert Baratheon;0:06:22;0:07:50;Vaes Dothrak;;Daenerys Targaryen;Drogon;Rhaegal;0:07:50;0:08:25;The North;Winterfell;Three-Eyed Raven;Bran Stark;0:08:25;0:08:36;The North;Winterfell;Bran Stark;0:08:36;0:09:42;The North;The Wolfswood;0:09:42;0:13:09;The North;The Wolfswood;Bran Stark;Osha;Stiv;0:13:09;0:14:16;The Vale;The Eyrie;Tyrion Lannister;0:14:16;0:16:08;The Crownlands;King's Landing;Syrio Forel;Arya Stark;0:16:08;0:19:39;Vaes Dothrak;;Daenerys Targaryen;0:19:39;0:21:54;Vaes Dothrak;;Drogon;Rhaegal;Viserion;0:21:54;0:23:52;The Vale;The Eyrie;Tyrion Lannister
1;7;You Win or You Die;2011-05-29;Robert has been injured while hunting and is dying. Jon and the others finally take their vows to the Night's Watch. A man, sent by Robert, is captured for trying to poison Daenerys. Furious, Drogo vows to attack the Seven Kingdoms.;King's Landing;The Eyrie;Winterfell;The Wall;0:01:52;0:06:35;The Westerlands;Lannister Camp;Jaime Lannister;Tywin Lannister;;0:06:35;0:09:36;The Crownlands;King's Landing;Eddard Stark;Cersei Lannister;;0:09:36;0:14:40;The Crownlands;King's Landing;Petyr Baelish;Ros;0:14:40;0:18:22;The North;Winterfell;Osha;0:18:22;0:19:14;The Wall;Castle Black;0:19:14;0:19:59;The Wall;Castle Black;Jon Snow;Samwell Tarly;Jeor Mormont;0:19:59;0:20:13;The Crownlands;King's Landing;Eddard Stark;0:20:13;0:25:08;The Crownlands;King's Landing;Joffrey Baratheon;Robert Baratheon;0:25:08;0:26:45;The Crownlands;King's Landing;Eddard Stark;0:26:45;0:28:08;Vaes Dothrak;;Khal Drogo;Daenerys Targaryen;;0:28:08;0:29:12;Vaes Dothrak;;Daenerys Targaryen
1;8;The Pointy End;2011-06-05;Eddard and his men are betrayed and captured by the Lannisters. When word reaches Robb, he plans to go to war to rescue them. The White Walkers attack The Wall. Tyrion returns to his father with some new friends.;King's Landing;The Eyrie;Winterfell;The Wall;0:01:53;0:02:00;The Crownlands;King's Landing;Syrio Forel;Arya Stark;;0:02:00;0:02:14;The Crownlands;King's Landing;;;;0:02:14;0:02:22;The Crownlands;King's Landing;Syrio Forel;Arya Stark;0:02:22;0:02:37;The Crownlands;King's Landing;Vayon Poole;0:02:37;0:03:19;The Crownlands;King's Landing;0:03:19;0:05:53;The Crownlands;King's Landing;Syrio Forel;Arya Stark;Meryn Trant;0:05:53;0:06:14;The Crownlands;King's Landing;Arya Stark;0:06:14;0:06:35;The Crownlands;King's Landing;Sansa Stark;Sandor Clegane;0:06:35;0:07:12;The Crownlands;King's Landing;Arya Stark;0:07:12;0:10:14;The Crownlands;King's Landing;Eddard Stark;Lord Varys;;0:10:14;0:11:30;The Wall;Castle Black;Samwell Tarly
1;9;Baelor;2011-06-12;Robb goes to war against the Lannisters. Jon finds himself struggling on deciding if his place is with Robb or the Night's Watch. Drogo has fallen ill from a fresh battle wound. Daenerys is desperate to save him.;King's Landing;The Twins;Winterfell;The Wall;0:02:24;0:06:25;The Crownlands;King's Landing;Eddard Stark;Lord Varys;;0:06:25;0:08:12;The Riverlands;The Twins;Theon Greyjoy;Robb Stark;Catelyn Stark;0:08:12;0:09:48;The Riverlands;The Twins;Walder Frey;Joyeuse Erenford;0:09:48;0:11:41;The Riverlands;The Twins;Catelyn Stark;0:11:41;0:13:56;The Wall;Castle Black;0:13:56;0:14:12;The Wall;Castle Black;Jon Snow;;;0:14:12;0:15:35;The Wall;Castle Black;Jon Snow;0:15:35;0:15:49;The Riverlands;The Twins;Catelyn Stark;;0:15:49;0:17:31;The Riverlands;The Twins;Robb Stark;0:17:31;0:17:58;The Riverlands;The Twins;;;;0:17:58;0:21:38;The Wall;Castle Black;Jon Snow
1;10;Fire and Blood;2011-06-19;With Ned dead, Robb vows to get revenge on the Lannisters. Jon must officially decide if his place is with Robb or the Night's Watch. Daenerys says her final goodbye to Drogo.;King's Landing;Winterfell;The Wall;Vaes Dothrak;0:02:17;0:03:03;The Crownlands;King's Landing;Sandor Clegane;Ilyn Payne;Eddard Stark;0:03:03;0:03:25;The Crownlands;King's Landing;Arya Stark;Yoren;;0:03:25;0:03:53;The North;Winterfell;Bran Stark;Three-Eyed Raven;0:03:53;0:04:24;The North;Winterfell;Bran Stark;0:04:24;0:05:40;The North;Winterfell;0:05:40;0:06:07;The North;Winterfell;Bran Stark;Osha;Maester Luwin;0:06:07;0:08:07;The Riverlands;Camp of the North;Catelyn Stark;0:08:07;0:10:52;The Crownlands;King's Landing;Marillion;Sansa Stark;0:10:52;0:13:32;The Crownlands;King's Landing;Joffrey Baratheon;0:13:32;0:15:48;The Riverlands;Camp of the North;Robb Stark;Catelyn Stark;Rodrik Cassel;0:15:48;0:18:51;The Riverlands;Camp of the North;Catelyn Stark
2;1;The North Remembers;2012-04-01;Tyrion arrives at King's Landing to take his father's place as Hand of the King. Stannis Baratheon plans to take the Iron Throne for his own. Robb tries to decide his next move in the war. The Night's Watch arrive at the house of Craster.;King's Landing;Dragonstone;Winterfell;The Wall;0:02:29;0:03:08;The Crownlands;King's Landing;Sandor Clegane;Joffrey Baratheon;Sansa Stark;0:03:08;0:03:12;The Crownlands;King's Landing;;;;0:03:12;0:06:54;The Crownlands;King's Landing;Joffrey Baratheon;Tommen Baratheon;0:06:54;0:09:13;The Crownlands;King's Landing;Lord Varys;0:09:13;0:10:50;The Crownlands;King's Landing;0:10:50;0:12:46;The North;Winterfell;Bran Stark;Maester Luwin;Lord Portan;0:12:46;0:13:19;The North;Winterfell;Summer;0:13:19;0:13:26;The North;Winterfell;Bran Stark;;0:13:26;0:14:50;The North;Winterfell;Hodor;0:14:50;0:17:55;The Red Waste;;Daenerys Targaryen;Drogon;Doreah;0:17:55;0:18:48;The Red Waste;;Daenerys Targaryen
2;2;The Night Lands;2012-04-08;Arya makes friends with Gendry. Tyrion tries to take control of the small council. Theon arrives at his home, Pyke, in order to persuade his father into helping Robb with the war. Jon tries to investigate Craster's secret.;King's Landing;Dragonstone;Pyke;Winterfell;0:01:55;0:02:08;The Riverlands;The Kingsroad;Arya Stark;;;0:02:08;0:03:33;The Riverlands;The Kingsroad;Arya Stark;Jaqen H'ghar;Rorge;0:03:33;0:05:46;The Riverlands;The Kingsroad;Arya Stark;Gendry;0:05:46;0:08:16;The Crownlands;King's Landing;Tyrion Lannister;0:08:16;0:09:05;The Crownlands;King's Landing;0:09:05;0:10:22;The Crownlands;King's Landing;Cersei Lannister;Tyrion Lannister;Grand Maester Pycelle;0:10:22;0:11:51;North of the Wall;Craster's Keep;Samwell Tarly;0:11:51;0:12:37;North of the Wall;Craster's Keep;Samwell Tarly;Gilly;0:12:37;0:14:40;North of the Wall;Craster's Keep;Jon Snow;0:14:40;0:17:31;The Red Waste;;Jorah Mormont;Daenerys Targaryen;Irri;0:17:31;0:17:54;The Sunset Sea;;Theon Greyjoy
2;3;What Is Dead May Never Die;2012-04-15;Tyrion tries to see who he can trust in the small council. Catelyn visits Renly to try and persuade him to join Robb in the war. Theon must decide if his loyalties lie with his own family or with Robb.;King's Landing;Dragonstone;Pyke;Winterfell;0:01:53;0:02:30;North of the Wall;Craster's Keep;Craster;Jeor Mormont;Jon Snow;0:02:30;0:04:24;North of the Wall;Craster's Keep;Jeor Mormont;Samwell Tarly;Jon Snow;0:04:24;0:05:53;North of the Wall;Craster's Keep;Samwell Tarly;Gilly;0:05:53;0:06:11;The North;Winterfell;Hodor;0:06:11;0:06:44;The North;Winterfell;0:06:44;0:09:16;The North;Winterfell;Bran Stark;Maester Luwin;;0:09:16;0:13:24;The Stormlands;Storm's End;Renly Baratheon;0:13:24;0:14:19;The Stormlands;Storm's End;Catelyn Stark;Renly Baratheon;0:14:19;0:14:45;The Stormlands;Storm's End;Brienne of Tarth;0:14:45;0:18:40;The Iron Islands;Pyke;Theon Greyjoy;Yara Greyjoy;Balon Greyjoy;0:18:40;0:19:03;The Iron Islands;Pyke;Theon Greyjoy
2;4;Garden of Bones;2012-04-22;Lord Baelish arrives at Renly's camp just before he faces off against Stannis. Daenerys and her company are welcomed into the city of Qarth. Arya, Gendry, and Hot Pie find themselves imprisoned at Harrenhal.;King's Landing;Harrenhal;Pyke;Winterfell;0:01:53;0:03:42;The Westerlands;Oxcross;Rennick;Lannister Guard;Grey Wind;0:03:42;0:03:55;The Westerlands;Oxcross;Robb Stark;;;0:03:55;0:04:59;The Westerlands;Oxcross;Rennick;Robb Stark;0:04:59;0:05:18;The Westerlands;Oxcross;Talisa Maegyr;0:05:18;0:05:49;The Westerlands;Oxcross;0:05:49;0:06:00;The Westerlands;Oxcross;;;;0:06:00;0:07:47;The Westerlands;Oxcross;Talisa Maegyr;0:07:47;0:09:03;The Crownlands;King's Landing;Joffrey Baratheon;Sansa Stark;0:09:03;0:10:39;The Crownlands;King's Landing;Joffrey Baratheon;0:10:39;0:11:04;The Crownlands;King's Landing;Tyrion Lannister;Bronn;;0:11:04;0:11:28;The Crownlands;King's Landing;Sandor Clegane
2;5;The Ghost of Harrenhal;2012-04-29;Tyrion investigates a secret weapon that King Joffrey plans to use against Stannis. Meanwhile, as a token for saving his life, Jaqen H'ghar offers to kill three people that Arya chooses.;King's Landing;Harrenhal;Pyke;Winterfell;0:01:54;0:05:17;The Stormlands;Storm's End;Catelyn Stark;Brienne of Tarth;Renly Baratheon;0:05:17;0:05:34;The Stormlands;Storm's End;Petyr Baelish;;;0:05:34;0:08:03;The Stormlands;Storm's End;Loras Tyrell;Renly Baratheon;0:08:03;0:08:07;The Crownlands;King's Landing;Myrcella Baratheon;0:08:07;0:09:45;The Crownlands;King's Landing;0:09:45;0:11:23;The Crownlands;King's Landing;Bronn;Tyrion Lannister;Lancel Lannister;0:11:23;0:11:48;The Stormlands;Storm's End;Davos Seaworth;0:11:48;0:14:06;The Stormlands;Storm's End;Davos Seaworth;Stannis Baratheon;0:14:06;0:14:46;The Crownlands;King's Landing;Tyrion Lannister;0:14:46;0:15:43;The Crownlands;King's Landing;Tyrion Lannister;Bronn;Protestor;0:15:43;0:16:13;The Iron Islands;Lordsport;Theon Greyjoy
2;6;The Old Gods and the New;2012-05-06;Theon seizes control of Winterfell. Jon captures a wildling, named Ygritte. The people of King's Landing begin to turn against King Joffrey. Daenerys looks to buy ships to sail for the Seven Kingdoms.;King's Landing;Harrenhal;Pyke;Winterfell;0:01:54;0:02:33;The North;Winterfell;Maester Luwin;;;0:02:33;0:03:13;The North;Winterfell;Theon Greyjoy;Bran Stark;Dagmer Cleftjaw;0:03:13;0:04:03;The North;Winterfell;Theon Greyjoy;Bran Stark;0:04:03;0:05:35;The North;Winterfell;Bran Stark;0:05:35;0:06:27;The North;Winterfell;0:06:27;0:10:03;The North;Winterfell;Rodrik Cassel;Black Lorren;Osha;0:10:03;0:12:44;North of the Wall;Frostfang Mountains;Ghost;0:12:44;0:14:22;The Riverlands;Harrenhal;Arya Stark;Tywin Lannister;0:14:22;0:17:20;The Riverlands;Harrenhal;Arya Stark;0:17:20;0:20:38;North of the Wall;Frostfang Mountains;Jon Snow;Qhorin Halfhand;Ygritte;0:20:38;0:22:12;North of the Wall;Frostfang Mountains;Jon Snow
2;7;A Man Without Honor;2012-05-13;Bran and Rickon have escaped Winterfell. Theon tries to hunt them down. Daenerys' dragons have been stolen. Jon travels through the wilderness with Ygritte as his prisoner. Sansa has bled and is now ready to have Joffrey's children.;King's Landing;Harrenhal;Pyke;Winterfell;0:01:54;0:02:08;The North;Winterfell;Theon Greyjoy;;;0:02:08;0:03:08;The North;Winterfell;Theon Greyjoy;Black Lorren;Dagmer Cleftjaw;0:03:08;0:04:29;The North;Outside Winterfell;Theon Greyjoy;Maester Luwin;0:04:29;0:05:30;The North;Outside Winterfell;Osha;0:05:30;0:07:02;North of the Wall;Frostfang Mountains;0:07:02;0:08:59;North of the Wall;Frostfang Mountains;Jon Snow;Ygritte;;0:08:59;0:10:18;The Riverlands;Harrenhal;Tywin Lannister;0:10:18;0:15:02;The Riverlands;Harrenhal;Tywin Lannister;Arya Stark;0:15:02;0:16:00;The Crownlands;King's Landing;Sansa Stark;0:16:00;0:16:55;Qarth;;Daenerys Targaryen;Xaro Xhoan Daxos;;0:16:55;0:18:32;North of the Wall;Frostfang Mountains;Jon Snow
2;8;The Prince of Winterfell;2012-05-20;Stannis is just days from King's Landing. Tyrion prepares for his arrival. Jon and Qhorin are taken prisoner by the wildlings. Catelyn is arrested for releasing Jaime. Arya, Gendry, and Hot Pie plan to escape from Harrenhal.;King's Landing;Harrenhal;Pyke;Winterfell;0:01:55;0:02:34;The North;Winterfell;Theon Greyjoy;Dagmer Cleftjaw;Yara Greyjoy;0:02:34;0:05:53;The North;Winterfell;Theon Greyjoy;Yara Greyjoy;;0:05:53;0:07:00;North of the Wall;Frostfang Mountains;Jon Snow;Ygritte;0:07:00;0:07:11;North of the Wall;Frostfang Mountains;Ygritte;0:07:11;0:07:45;North of the Wall;Frostfang Mountains;0:07:45;0:09:59;The Westerlands;Camp of the North;Robb Stark;Talisa Maegyr;;0:09:59;0:10:17;The Westerlands;Camp of the North;Robb Stark;0:10:17;0:11:58;The Westerlands;Camp of the North;Robb Stark;Rickard Karstark;0:11:58;0:12:05;The Westerlands;To King's Landing;;0:12:05;0:14:28;The Westerlands;To King's Landing;Jaime Lannister;Brienne of Tarth;;0:14:28;0:16:15;The Riverlands;Harrenhal;Arya Stark
2;9;Blackwater;2012-05-27;Stannis Baratheon's fleet and army arrive at King's Landing and the battle for the city begins. Cersei plans for her and her children's future.;King's Landing;Harrenhal;Pyke;Winterfell;0:01:54;0:02:41;The Crownlands;Blackwater Bay;Davos Seaworth;;;0:02:41;0:02:57;The Crownlands;Blackwater Bay;Stannis Baratheon;;;0:02:57;0:03:25;The Crownlands;Blackwater Bay;;;0:03:25;0:04:46;The Crownlands;Blackwater Bay;Davos Seaworth;0:04:46;0:06:30;The Crownlands;King's Landing;0:06:30;0:08:03;The Crownlands;King's Landing;Cersei Lannister;Grand Maester Pycelle;;0:08:03;0:09:37;The Crownlands;King's Landing;Bronn;0:09:37;0:12:08;The Crownlands;King's Landing;Sandor Clegane;Bronn;0:12:08;0:15:00;The Crownlands;King's Landing;Lord Varys;0:15:00;0:15:07;The Crownlands;Blackwater Bay;;;;0:15:07;0:15:23;The Crownlands;Blackwater Bay;Davos Seaworth
2;10;Valar Morghulis;2012-06-03;Joffrey puts Sansa aside for Margaery Tyrell. Robb marries Talisa Maegyr. Jon prepares to meet Mance Rayder. Arya says farewell to Jaqen H'ghar. Daenerys tries to rescue her dragons.;King's Landing;Harrenhal;Pyke;Winterfell;0:01:54;0:02:45;The Crownlands;King's Landing;Tyrion Lannister;Grand Maester Pycelle;Podrick Payne;0:02:45;0:03:34;The Crownlands;King's Landing;Tyrion Lannister;Grand Maester Pycelle;;0:03:34;0:04:37;The Crownlands;King's Landing;Tywin Lannister;Joffrey Baratheon;0:04:37;0:08:07;The Crownlands;King's Landing;Joffrey Baratheon;0:08:07;0:09:22;The Crownlands;King's Landing;0:09:22;0:11:49;The Crownlands;King's Landing;Ros;Lord Varys;;0:11:49;0:13:24;The Riverlands;East to King's Landing;Brienne of Tarth;0:13:24;0:16:47;The Riverlands;East to King's Landing;Brienne of Tarth;Jaime Lannister;0:16:47;0:18:31;The Westerlands;Camp of the North;Robb Stark;0:18:31;0:22:05;The Crownlands;Dragonstone;Stannis Baratheon;Melisandre;;0:22:05;0:26:49;The North;Winterfell;Theon Greyjoy
3;1;Valar Dohaeris;2013-03-31;Jon is brought before Mance Rayder, the King Beyond the Wall, while the Night's Watch survivors retreat south. In King's Landing, Tyrion asks for his reward. Littlefinger offers Sansa a way out.;King's Landing;Dragonstone;Harrenhal;Winterfell;0:00:06;0:00:17;North of the Wall;Fist of the First Men;;;;0:00:17;0:01:03;North of the Wall;Fist of the First Men;Samwell Tarly;;;0:01:03;0:01:28;North of the Wall;Fist of the First Men;Samwell Tarly;Man of the Nightswatch;0:01:28;0:01:50;North of the Wall;Fist of the First Men;Samwell Tarly;0:01:50;0:02:06;North of the Wall;Fist of the First Men;0:02:06;0:02:19;North of the Wall;Fist of the First Men;Samwell Tarly;White Walker;Ghost;0:02:19;0:03:17;North of the Wall;Fist of the First Men;Samwell Tarly;0:05:05;0:05:39;North of the Wall;Frostfang Mountains;Rattleshirt;Jon Snow;0:05:39;0:05:47;North of the Wall;Frostfang Mountains;;0:05:47;0:06:40;North of the Wall;Frostfang Mountains;Jon Snow;Ygritte;Dongo the Giant;0:06:40;0:07:40;North of the Wall;Frostfang Mountains;Jon Snow
3;2;Dark Wings, Dark Words;2013-04-07;Bran and company meet Jojen and Meera Reed. Arya, Gendry, and Hot Pie meet the Brotherhood. Jaime travels through the wilderness with Brienne. Sansa confesses her true feelings about Joffrey to Margaery.;King's Landing;Dragonstone;Harrenhal;Winterfell;0:01:54;0:02:42;The North;Outside Winterfell;Bran Stark;Three-Eyed Raven;;0:02:42;0:02:59;The North;Outside Winterfell;Bran Stark;Three-Eyed Raven;Jon Snow;0:02:59;0:03:07;The North;Outside Winterfell;Bran Stark;;0:03:07;0:03:20;The North;Outside Winterfell;Bran Stark;0:03:20;0:04:28;The North;North to the Wall;0:04:28;0:05:05;The Riverlands;Harrenhal;Robb Stark;Talisa Maegyr;;0:05:05;0:05:28;The Riverlands;Harrenhal;Robb Stark;0:05:28;0:06:30;The Riverlands;Harrenhal;Robb Stark;Catelyn Stark;0:06:30;0:07:13;The North;The Dreadfort;Theon Greyjoy;0:07:13;0:09:50;The Riverlands;East to King's Landing;Jaime Lannister;Brienne of Tarth;;0:09:50;0:10:51;The Riverlands;East to King's Landing;Jaime Lannister
3;3;Walk of Punishment;2013-04-14;Robb and Catelyn arrive at Riverrun for Lord Hoster Tully's funeral. Tywin names Tyrion the new Master of Coin. Arya says goodbye to Hot Pie. The Night's Watch returns to Craster's. Brienne and Jaime are taken prisoner.;King's Landing;Harrenhal;Riverrun;Winterfell;0:01:55;0:04:06;The Riverlands;Riverrun;Hoster Tully;Robb Stark;Brynden Tully;0:04:06;0:06:29;The Riverlands;Riverrun;Robb Stark;Brynden Tully;Edmure Tully;0:06:29;0:10:33;The Crownlands;King's Landing;Tywin Lannister;Grand Maester Pycelle;0:10:33;0:10:50;The Riverlands;To Harrenhal;Locke;0:10:50;0:12:22;The Riverlands;To Harrenhal;0:12:22;0:13:02;The Riverlands;Crossroads Inn;Gendry;Thoros of Myr;Arya Stark;0:13:02;0:13:27;The Riverlands;Crossroads Inn;Arya Stark;0:13:27;0:15:01;The Riverlands;Crossroads Inn;Arya Stark;Hot Pie;0:15:01;0:15:21;The Riverlands;Crossroads Inn;Arya Stark;0:15:21;0:17:50;The Riverlands;Riverrun;Catelyn Stark;Brynden Tully;;0:17:50;0:18:37;The Riverlands;Riverrun;Talisa Maegyr
3;4;And Now His Watch Is Ended;2013-04-21;Jaime mopes over his lost hand. Cersei is growing uncomfortable with the Tyrells. The Night's Watch is growing impatient with Craster. Daenerys buys the Unsullied.;King's Landing;Harrenhal;Riverrun;Winterfell;0:01:54;0:04:40;The Riverlands;To Harrenhal;Jaime Lannister;Brienne of Tarth;Locke;0:04:40;0:08:25;The Crownlands;King's Landing;Tyrion Lannister;Lord Varys;;0:08:25;0:08:45;The Crownlands;King's Landing;Tyrion Lannister;Lord Varys;0:08:45;0:10:02;North of the Wall;Craster's Keep;Grenn;0:10:02;0:10:11;North of the Wall;Craster's Keep;0:10:11;0:11:09;North of the Wall;Craster's Keep;Gilly;Baby Sam;Samwell Tarly;0:11:09;0:11:58;The North;North to the Wall;Bran Stark;0:11:58;0:12:14;The North;North to the Wall;Bran Stark;Catelyn Stark;0:12:14;0:12:28;The North;North to the Wall;Bran Stark;0:12:28;0:14:17;The Crownlands;King's Landing;Lord Varys;Ros;;0:14:17;0:14:34;The Crownlands;King's Landing;Joffrey Baratheon
3;5;Kissed by Fire;2013-04-28;Robb's army is falling apart. Jaime reveals a story, to Brienne, that he has never told anyone. Jon breaks his vows. The Hound is granted his freedom. The Lannisters hatch a new plan.;King's Landing;Harrenhal;Riverrun;Winterfell;0:01:54;0:04:53;The Riverlands;Hollow Hill;Thoros of Myr;Sandor Clegane;Arya Stark;0:04:53;0:05:31;The Riverlands;Hollow Hill;Thoros of Myr;Sandor Clegane;Arya Stark;0:05:31;0:07:43;North of the Wall;Wildling Camp;Jon Snow;Ygritte;0:07:43;0:08:15;North of the Wall;Wildling Camp;Jon Snow;0:08:15;0:11:50;North of the Wall;Cave Outside Wildling Camp;0:11:50;0:12:24;The Riverlands;Hollow Hill;Beric Dondarrion;Thoros of Myr;Sandor Clegane;0:12:24;0:14:16;The Riverlands;Harrenhal;Locke;0:14:16;0:15:55;The Riverlands;Harrenhal;Qyburn;Jaime Lannister;0:15:55;0:16:47;The Crownlands;King's Landing;Petyr Baelish;0:16:47;0:17:05;The Crownlands;King's Landing;Tyrion Lannister;Olenna Tyrell;Podrick Payne;0:17:05;0:18:46;The Crownlands;King's Landing;Tyrion Lannister
3;6;The Climb;2013-05-05;Jon and the wildlings scale The Wall. The Brotherhood sells Gendry to Melisandre. Robb does what he can to win back the Freys. Tyrion tells Sansa about their engagement.;King's Landing;Harrenhal;Riverrun;Winterfell;0:01:54;0:05:13;North of the Wall;South to the Wall;Samwell Tarly;Gilly;Baby Sam;0:05:13;0:08:14;The North;North to the Wall;Osha;Meera Reed;Bran Stark;0:08:14;0:08:37;North of the Wall;The Wall;Tormund Giantsbane;Jon Snow;0:08:37;0:11:38;North of the Wall;The Wall;Jon Snow;0:11:38;0:12:12;North of the Wall;The Wall;0:12:12;0:13:36;The Riverlands;Hollow Hill;Arya Stark;Anguy;Thoros of Myr;0:13:36;0:14:53;The Riverlands;Hollow Hill;Arya Stark;0:14:53;0:18:03;The Riverlands;Hollow Hill;Beric Dondarrion;Thoros of Myr;0:18:03;0:20:38;The Riverlands;Hollow Hill;Gendry;0:20:38;0:22:07;North of the Wall;The Wall;Tormund Giantsbane;Jon Snow;Ygritte;0:22:07;0:27:39;The North;The Dreadfort;Theon Greyjoy
3;7;The Bear and the Maiden Fair;2013-05-12;Jon and the wildlings travel south of The Wall. Talisa tells Robb that she's pregnant. Arya runs away from the Brotherhood. Daenerys arrives at Yunkai. Jaime leaves Brienne behind at Harrenhal.;King's Landing;Harrenhal;Riverrun;Winterfell;0:01:54;0:02:06;The Wall;The Gift;Tormund Giantsbane;;;0:02:06;0:03:22;The Wall;The Gift;Jon Snow;Ygritte;;0:03:22;0:04:14;The Wall;The Gift;Jon Snow;Orell;0:04:14;0:05:19;The Riverlands;Camp of the North;Talisa Maegyr;0:05:19;0:05:27;The Riverlands;Camp of the North;0:05:27;0:09:22;The Riverlands;Camp of the North;Talisa Maegyr;Robb Stark;;0:09:22;0:09:28;The Riverlands;Camp of the North;;0:09:28;0:10:03;The North;The Gift;Ygritte;Tormund Giantsbane;0:10:03;0:10:08;The North;The Gift;Ygritte;0:10:08;0:11:23;The North;The Gift;Ygritte;Orell;;0:11:23;0:14:32;The Crownlands;King's Landing;Sansa Stark
3;8;Second Sons;2013-05-19;Daenerys tries to persuade the Second Sons to join her against Yunkai. Stannis releases Davos from the dungeons. Sam and Gilly are attacked by a White Walker. Sansa and Tyrion wed.;King's Landing;Harrenhal;Riverrun;Winterfell;0:01:54;0:02:49;The Riverlands;Red Fork;Arya Stark;Sandor Clegane;;0:02:49;0:04:41;The Riverlands;Red Fork;Arya Stark;Sandor Clegane;;0:04:41;0:04:50;Yunkai;Outside Yunkai;;;0:04:50;0:05:56;Yunkai;Outside Yunkai;Daenerys Targaryen;0:05:56;0:09:01;Yunkai;Outside Yunkai;0:09:01;0:09:05;Yunkai;Outside Yunkai;Barristan Selmy;Missandei;Daenerys Targaryen;0:09:05;0:09:32;The Crownlands;Dragonstone;Gendry;0:09:32;0:10:16;The Crownlands;Dragonstone;Stannis Baratheon;Gendry;0:10:16;0:10:56;The Crownlands;Dragonstone;Stannis Baratheon;0:10:56;0:11:43;The Crownlands;Dragonstone;Davos Seaworth;;;0:11:43;0:15:36;The Crownlands;Dragonstone;Davos Seaworth
3;9;The Rains of Castamere;2013-06-02;Robb and Catelyn arrive at the Twins for the wedding. Jon is put to the test to see where his loyalties truly lie. Bran's group decides to split up. Daenerys plans an invasion of Yunkai.;King's Landing;Dragonstone;The Twins;Winterfell;0:01:54;0:03:50;The Riverlands;The Twins;Robb Stark;Catelyn Stark;;0:03:50;0:04:12;The Riverlands;The Twins;Grey Wind;;;0:04:12;0:09:19;The Riverlands;The Twins;Robb Stark;Catelyn Stark;0:09:19;0:09:28;Yunkai;Outside Yunkai;;0:09:28;0:11:01;Yunkai;Outside Yunkai;0:11:01;0:11:21;Yunkai;Outside Yunkai;Daenerys Targaryen;Jorah Mormont;Barristan Selmy;0:11:21;0:12:59;North of the Wall;Near Nightfort;Samwell Tarly;0:12:59;0:14:44;The Riverlands;To The Twins;Sandor Clegane;Arya Stark;0:14:44;0:15:43;The North;The Gift;Rickon Stark;0:15:43;0:15:52;The North;The Gift;Old Man;;;0:15:52;0:17:20;The North;The Gift;Tormund Giantsbane
3;10;Mhysa;2013-06-09;Bran and company travel beyond The Wall. Sam returns to Castle Black. Jon says good bye to Ygritte. Jaime returns to King's Landing. The Night's Watch asks for help from Stannis.;King's Landing;Dragonstone;The Twins;Winterfell;0:01:55;0:02:13;The Riverlands;The Twins;Roose Bolton;;;0:02:13;0:02:33;The Riverlands;The Twins;;;;0:02:33;0:02:48;The Riverlands;The Twins;Sandor Clegane;Arya Stark;0:02:48;0:03:09;The Riverlands;The Twins;Sandor Clegane;0:03:09;0:03:24;The Riverlands;The Twins;0:03:24;0:03:47;The Crownlands;King's Landing;Sansa Stark;Tyrion Lannister;Shae;0:03:47;0:05:07;The Crownlands;King's Landing;Sansa Stark;0:05:07;0:05:16;The Crownlands;King's Landing;Sansa Stark;Tyrion Lannister;0:05:16;0:08:36;The Crownlands;King's Landing;Tyrion Lannister;0:08:36;0:08:54;The Crownlands;King's Landing;Tyrion Lannister;Tywin Lannister;Lord Varys;0:08:54;0:12:20;The Crownlands;King's Landing;Tyrion Lannister
4;1;Two Swords;2014-04-06;Tyrion welcomes a guest to King's Landing. At Castle Black, Jon stands trial. Daenerys is pointed to Meereen, the mother of all slave cities. Arya runs into an old enemy.;King's Landing;Dragonstone;Dreadfort;Winterfell;0:00:07;0:01:47;The Crownlands;King's Landing;Tywin Lannister;;;0:03:36;0:06:29;The Crownlands;King's Landing;Jaime Lannister;Tywin Lannister;;0:06:29;0:08:02;The Crownlands;King's Landing;Tyrion Lannister;Podrick Payne;0:08:02;0:09:25;The Crownlands;King's Landing;Tyrion Lannister;0:09:25;0:11:11;The Crownlands;King's Landing;0:11:11;0:12:10;The Crownlands;King's Landing;Oberyn Martell;Olyvar;Ellaria Sand;0:12:10;0:13:54;The Crownlands;King's Landing;Oberyn Martell;0:13:54;0:14:04;The Crownlands;King's Landing;Oberyn Martell;Morgan;0:14:04;0:14:42;The Crownlands;King's Landing;Oberyn Martell;0:14:42;0:14:53;The Crownlands;King's Landing;Oberyn Martell;Ellaria Sand;Tyrion Lannister;0:14:53;0:16:59;The Crownlands;King's Landing;Oberyn Martell
4;2;The Lion and the Rose;2014-04-13;Joffrey and Margaery's wedding has come. Tyrion breaks up with Shae. Ramsay tries to prove his worth to his father. Bran and company find a Weirwood tree.;King's Landing;Dragonstone;Dreadfort;Winterfell;0:01:54;0:04:15;The North;The Dreadfort;Tansy;Ramsay Snow;Myranda;0:04:15;0:05:00;The Crownlands;King's Landing;Tyrion Lannister;Jaime Lannister;Podrick Payne;0:05:00;0:05:56;The Crownlands;King's Landing;Tyrion Lannister;Jaime Lannister;0:05:56;0:07:31;The Crownlands;King's Landing;Bronn;0:07:31;0:07:47;The North;The Dreadfort;0:07:47;0:08:23;The North;The Dreadfort;Roose Bolton;Locke;Ramsay Snow;0:08:23;0:08:35;The North;The Dreadfort;Roose Bolton;0:08:35;0:08:45;The North;The Dreadfort;Roose Bolton;Ramsay Snow;0:08:45;0:13:40;The North;The Dreadfort;Roose Bolton;0:13:40;0:14:43;The Crownlands;King's Landing;Lord Varys;Tyrion Lannister;Podrick Payne;0:14:43;0:15:02;The Crownlands;King's Landing;Mace Tyrell
4;3;Breaker of Chains;2014-04-20;Tyrion is arrested for the murder of Joffrey and awaits trial. Sansa escapes King's Landing. Sam sends Gilly to Mole's Town as the Night's Watch finds itself in a tight spot. Meereen challenges Daenerys.;King's Landing;Dragonstone;Dreadfort;Winterfell;0:01:55;0:02:07;The Crownlands;King's Landing;Joffrey Baratheon;Cersei Lannister;Tyrion Lannister;0:02:07;0:02:13;The Crownlands;King's Landing;Tyrion Lannister;Cersei Lannister;Tywin Lannister;0:02:13;0:02:16;The Crownlands;King's Landing;Sansa Stark;Dontos Hollard;0:02:16;0:02:21;The Crownlands;King's Landing;Cersei Lannister;0:02:21;0:02:25;The Crownlands;King's Landing;0:02:25;0:03:07;The Crownlands;King's Landing;Sansa Stark;Dontos Hollard;;0:03:07;0:03:59;The Crownlands;Blackwater Bay;Sansa Stark;0:03:59;0:04:40;The Crownlands;Blackwater Bay;Sansa Stark;Petyr Baelish;0:04:40;0:05:04;The Crownlands;Blackwater Bay;Sansa Stark;0:05:04;0:06:03;The Crownlands;Blackwater Bay;Sansa Stark;Petyr Baelish;Dontos Hollard;0:06:03;0:06:15;The Crownlands;Blackwater Bay;Sansa Stark
4;4;Oathkeeper;2014-04-27;Jaime entrusts a task to Brienne. Daenerys frees Meereen. Jon is given permission to lead a group of Night's Watchmen to Craster's Keep. Bran and company are taken hostage.;King's Landing;Dragonstone;Dreadfort;Winterfell;0:01:54;0:03:48;Meereen;;Grey Worm;Missandei;;0:03:48;0:04:11;Meereen;;Grey Worm;Missandei;Barristan Selmy;0:04:11;0:04:18;Meereen;;;;0:04:18;0:05:12;Meereen;;Grey Worm;0:05:12;0:05:45;Meereen;;0:05:45;0:07:06;Meereen;;Mossador;Elder Meereen Slave;Valyrian Slave;0:07:06;0:07:52;Meereen;;Great Master #1;0:07:52;0:08:56;Meereen;;Daenerys Targaryen;Jorah Mormont;0:08:56;0:09:10;Meereen;;Daenerys Targaryen;0:09:10;0:09:29;Meereen;;Daenerys Targaryen;Barristan Selmy;;0:09:29;0:09:51;Meereen;;
4;5;First of His Name;2014-05-04;Tommen is crowned King of the Seven Kingdoms. Cersei builds her case against Tyrion. Sansa and Lord Baelish arrive at the Eyrie. The Night's Watch attacks Craster's Keep.;King's Landing;Dragonstone;Dreadfort;Winterfell;0:01:55;0:02:54;The Crownlands;King's Landing;Tywin Lannister;Tommen Baratheon;High Septon;0:02:54;0:03:38;The Crownlands;King's Landing;Mace Tyrell;Lord Varys;Grand Maester Pycelle;0:03:38;0:04:20;The Crownlands;King's Landing;Margaery Tyrell;Cersei Lannister;0:04:20;0:05:11;The Crownlands;King's Landing;Margaery Tyrell;0:05:11;0:05:19;The Crownlands;King's Landing;0:05:19;0:06:07;The Crownlands;King's Landing;Margaery Tyrell;Cersei Lannister;;0:06:07;0:06:16;The Crownlands;King's Landing;Margaery Tyrell;0:06:16;0:06:21;The Crownlands;King's Landing;Margaery Tyrell;Cersei Lannister;0:06:21;0:06:34;The Crownlands;King's Landing;Margaery Tyrell;0:06:34;0:06:40;The Crownlands;King's Landing;Margaery Tyrell;Cersei Lannister;Tommen Baratheon;0:06:40;0:08:41;Meereen;;Daenerys Targaryen
4;6;The Laws of Gods and Men;2014-05-11;Tyrion's trial has come. Yara and her troops storm the Dreadfort to free Theon. Daenerys meets Hizdar zo Loraq. Stannis makes a deal with the Iron Bank of Braavos.;King's Landing;Dreadfort;Winterfell;The Wall;0:01:54;0:02:41;Braavos;;Stannis Baratheon;Davos Seaworth;;0:02:41;0:03:26;Braavos;;Stannis Baratheon;Davos Seaworth;;0:03:26;0:07:49;Braavos;;Stannis Baratheon;Davos Seaworth;0:07:49;0:08:15;Braavos;;Salladhor Saan;0:08:15;0:10:14;Braavos;;0:10:14;0:10:36;The North;The Dreadfort;Yara Greyjoy;;;0:10:36;0:10:47;The North;The Dreadfort;Myranda;0:10:47;0:10:53;The North;The Dreadfort;Yara Greyjoy;;0:10:53;0:11:05;The North;The Dreadfort;Myranda;0:11:05;0:11:18;The North;The Dreadfort;Yara Greyjoy;;;0:11:18;0:11:23;The North;The Dreadfort;Myranda
4;7;Mockingbird;2014-05-18;Tyrion tries to find a champion. Daenerys sleeps with Daario. The Hound becomes wounded. Jon's advice is ignored at Castle Black. Brienne and Podrick receive a tip on Arya's whereabouts.;King's Landing;Dreadfort;Winterfell;The Wall;0:01:54;0:04:56;The Crownlands;King's Landing;Jaime Lannister;Tyrion Lannister;;0:04:56;0:05:56;The Crownlands;King's Landing;Gregor Clegane;Cersei Lannister;;0:05:56;0:06:32;The Riverlands;To The Eyrie;Arya Stark;Sandor Clegane;0:06:32;0:09:38;The Riverlands;To The Eyrie;Arya Stark;0:09:38;0:09:45;The Riverlands;To The Eyrie;0:09:45;0:10:40;The Riverlands;To The Eyrie;Arya Stark;Sandor Clegane;Rorge;0:10:40;0:10:49;The Riverlands;To The Eyrie;Arya Stark;0:10:49;0:11:07;The Wall;Castle Black;Jon Snow;Samwell Tarly;0:11:07;0:11:41;The Wall;Castle Black;Jon Snow;0:11:41;0:13:39;The Wall;Castle Black;Jon Snow;Samwell Tarly;Janos Slynt;0:13:39;0:18:07;The Crownlands;King's Landing;Tyrion Lannister
4;8;The Mountain and the Viper;2014-06-01;Theon helps Ramsay seize Moat Cailin. The wildlings attack Mole's Town. Sansa comes up with a story to protect Lord Baelish. Daenerys finds out a secret about Ser Jorah. Oberyn Martell faces Ser Gregor Clegane.;King's Landing;Moat Cailin;Winterfell;The Wall;0:02:55;0:05:16;The Wall;Mole's Town;Mole's Town Whore;Kegs;Black Jack Bulwer;0:05:16;0:05:48;The Wall;Mole's Town;Styr;Tormund Giantsbane;Ygritte;0:05:48;0:06:35;The Wall;Mole's Town;Styr;Tormund Giantsbane;0:06:35;0:06:52;The Wall;Mole's Town;Ygritte;0:06:52;0:08:43;The Wall;Castle Black;0:08:43;0:09:37;Meereen;;Grey Worm;Missandei;;0:09:37;0:10:44;Meereen;;Missandei;0:10:44;0:13:26;Meereen;;Missandei;Grey Worm;0:13:26;0:14:45;The North;Moat Cailin;Ramsay Snow;0:14:45;0:15:43;The North;Moat Cailin;Theon Greyjoy;;;0:15:43;0:18:02;The North;Moat Cailin;Theon Greyjoy
4;9;The Watchers on the Wall;2014-06-08;The battle between the Night's Watch and the Wildlings has come.;King's Landing;Moat Cailin;Winterfell;The Wall;0:02:44;0:06:03;The Wall;Castle Black;Samwell Tarly;Jon Snow;;0:06:03;0:06:14;The Wall;Castle Black;;;;0:06:14;0:08:34;The Wall;Outside Castle Black;Thenn Warg;Styr;0:08:34;0:08:43;The Wall;Outside Castle Black;Thenn Warg;0:08:43;0:12:23;The Wall;Castle Black;0:12:23;0:13:53;The Wall;Castle Black;Samwell Tarly;Gilly;Baby Sam;0:13:53;0:13:57;The Wall;Castle Black;;0:13:57;0:14:18;The Wall;Outside Castle Black;Thenn Warg;Styr;0:14:18;0:15:51;The Wall;Castle Black;Jon Snow;0:14:51;0:15:03;The Wall;Castle Black;;;;0:15:03;0:15:22;The Wall;Castle Black;Jon Snow
4;10;The Children;2014-06-15;The Night's Watch story continues, with surprising developments. Daenerys experiences new consequences. Brienne and Podrick have an unexpected encounter. Bran achieves a goal, while Tyrion makes an important discovery.;King's Landing;Moat Cailin;Winterfell;The Wall;0:02:50;0:03:25;North of the Wall;The Wall;Jon Snow;;;0:03:25;0:03:33;The Wall;Castle Black;Eddison Tollett;;;0:03:33;0:04:04;North of the Wall;The Haunted Forest;Jon Snow;Dongo the Giant;0:04:04;0:04:34;North of the Wall;The Haunted Forest;Jon Snow;0:04:34;0:09:18;North of the Wall;The Haunted Forest;0:09:18;0:11:06;North of the Wall;The Wall;Mance Rayder;Jon Snow;;0:11:06;0:13:42;North of the Wall;The Wall;Mance Rayder;0:13:42;0:13:58;North of the Wall;The Wall;Jon Snow;Stannis Baratheon;0:14:00;0:15:13;The Crownlands;King's Landing;Qyburn;0:15:13;0:15:54;The Crownlands;King's Landing;Qyburn;Gregor Clegane;Cersei Lannister;0:15:54;0:16:08;The Crownlands;King's Landing;Qyburn
5;1;The Wars to Come;2015-03-29;Cersei and Jaime adjust to a world without Tywin. Tyrion and Varys arrive at Pentos. In Meereen, a new enemy emerges. Jon is caught between two kings.;King's Landing;The Eyrie;Winterfell;The Wall;0:05:30;0:07:07;The Westerlands;Outside Casterly Rock;Young Cersei Lannister;Melara Hetherspoon;;0:07:07;0:09:40;The Westerlands;Outside Casterly Rock;Young Cersei Lannister;Melara Hetherspoon;Maggy;0:09:40;0:10:39;The Crownlands;King's Landing;Cersei Lannister;Meryn Trant;0:10:39;0:12:55;The Crownlands;King's Landing;Tywin Lannister;0:12:55;0:13:30;Pentos;;0:13:30;0:16:26;Pentos;;Tyrion Lannister;Lord Varys;;0:16:26;0:17:13;Meereen;;;0:17:13;0:17:20;Meereen;;White Rat;;0:17:20;0:19:19;Meereen;;White Rat;0:19:19;0:20:18;Meereen;;Daenerys Targaryen;Barristan Selmy;Grey Worm;0:20:18;0:21:33;Meereen;;Grey Worm
5;2;The House of Black and White;2015-04-19;Arya arrives in Braavos. Jaime takes on a secret mission. Ellaria Sand seeks revenge for Oberyn's death. Stannis makes Jon a generous offer as the Night's Watch elects a new Lord Commander. Daenerys is faced with a difficult decision.;King's Landing;The Eyrie;Winterfell;The Wall;0:03:30;0:04:20;Braavos;;Arya Stark;Ternesio Terys;;0:04:20;0:05:44;Braavos;;Arya Stark;Ternesio Terys;;0:05:44;0:06:53;Braavos;;Arya Stark;Faceless Man;0:06:53;0:08:27;Braavos;;Arya Stark;0:08:27;0:08:36;The Vale;Inn;0:08:36;0:09:56;The Vale;Inn;Podrick Payne;Brienne of Tarth;Inn Waitress;0:09:56;0:12:55;The Vale;Inn;Brienne of Tarth;0:12:55;0:13:14;The Vale;Inn;Brienne of Tarth;Podrick Payne;0:13:14;0:16:05;The Vale;Outside the Inn;Brienne of Tarth;0:16:05;0:18:30;The Crownlands;King's Landing;Cersei Lannister;Jaime Lannister;;0:18:30;0:19:59;The Crownlands;Castle Stokeworth;Bronn
5;3;High Sparrow;2015-04-26;Tommen and Margaery wed. Arya has trouble adapting to her new life. Littlefinger reveals his plans to Sansa. Jon gives his first orders as Lord Commander. Tyrion and Varys arrive in Volantis.;King's Landing;Moat Cailin;Winterfell;The Wall;0:03:24;0:04:38;Braavos;;Arya Stark;Jaqen H'ghar;Despondent Man;0:04:38;0:06:07;Braavos;;Arya Stark;Jaqen H'ghar;;0:06:07;0:06:49;Braavos;;Arya Stark;Despondent Man;0:06:49;0:07:02;The Crownlands;King's Landing;;0:07:02;0:07:23;The Crownlands;King's Landing;0:07:23;0:07:56;The Crownlands;King's Landing;Tommen Baratheon;Margaery Tyrell;Cersei Lannister;0:07:56;0:10:56;The Crownlands;King's Landing;Tommen Baratheon;0:10:56;0:12:04;The Crownlands;King's Landing;Cersei Lannister;Tommen Baratheon;0:12:04;0:13:54;The Crownlands;King's Landing;Margaery Tyrell;0:13:54;0:13:59;The North;Winterfell;;;;0:13:59;0:14:56;The North;Winterfell;Theon Greyjoy
5;4;Sons of the Harpy;2015-05-03;Jorah Mormont sets sail alongside his prisoner, Tyrion. Cersei makes a move against the Tyrells. Jaime and Bronn sneak into Dorne. Ellaria and the Sand Snakes make their plans. Melisandre tempts Jon. The Harpies attack.;King's Landing;Winterfell;The Wall;Braavos;0:03:27;0:04:31;Volantis;;Jorah Mormont;Tyrion Lannister;;0:04:31;0:04:56;The Stormlands;Tarth;Jaime Lannister;Merchant Captain;;0:04:56;0:07:20;The Stormlands;Tarth;Jaime Lannister;Bronn;0:07:20;0:08:21;The Crownlands;King's Landing;Cersei Lannister;0:08:21;0:08:48;The Crownlands;King's Landing;0:08:48;0:08:54;The Crownlands;King's Landing;Cersei Lannister;Qyburn;Grand Maester Pycelle;0:08:54;0:10:52;The Crownlands;King's Landing;Cersei Lannister;0:10:52;0:11:58;The Crownlands;King's Landing;Faith Militant #1;Faith Militant #2;0:11:58;0:12:19;The Crownlands;King's Landing;Olyvar;0:12:19;0:12:38;The Crownlands;King's Landing;Olyvar;Faith Militant #1;Faith Militant #2;0:12:38;0:12:49;The Crownlands;King's Landing;Lancel Lannister
5;5;Kill the Boy;2015-05-10;Daenerys arrests the heads of Meereen's great families. Jon makes a difficult decision. Theon is forced to face Sansa. Stannis rides south. Tyrion and Jorah enter the ruins of Old Valyria.;King's Landing;Winterfell;The Wall;Braavos;0:03:37;0:03:57;Meereen;;Grey Worm;Missandei;;0:03:57;0:05:29;Meereen;;Daenerys Targaryen;Daario Naharis;Barristan Selmy;0:05:29;0:07:03;Meereen;;Daenerys Targaryen;Daario Naharis;0:07:03;0:07:26;Meereen;;Daenerys Targaryen;0:07:26;0:08:24;Meereen;;0:08:24;0:08:38;Meereen;;Daenerys Targaryen;Viserion;Rhaegal;0:08:38;0:09:19;The Wall;Castle Black;Samwell Tarly;0:09:19;0:10:03;The Wall;Castle Black;Samwell Tarly;Maester Aemon;0:10:03;0:10:56;The Wall;Castle Black;Maester Aemon;0:10:56;0:14:48;The Wall;Castle Black;Jon Snow;Tormund Giantsbane;;0:14:48;0:16:19;The Wall;Castle Black;Jon Snow
5;6;Unbowed, Unbent, Unbroken;2015-05-17;Arya is put to the test. Tyrion and Jorah are captured by slavers. Loras Tyrell is judged by the Sparrows. Jaime and Bronn face the Sand Snakes. Sansa marries Ramsay Bolton.;King's Landing;Winterfell;The Wall;Braavos;0:03:41;0:05:36;Braavos;;Arya Stark;;;0:05:36;0:07:39;Braavos;;Arya Stark;The Waif;;0:07:39;0:09:41;Braavos;;Arya Stark;Jaqen H'ghar;0:09:41;0:12:33;Valyria;Slaver's Bay;Jorah Mormont;0:12:33;0:14:03;Braavos;;0:14:03;0:15:24;Braavos;;Arya Stark;Ghita;;0:15:24;0:15:33;Braavos;;Arya Stark;0:15:33;0:16:17;Braavos;;Arya Stark;Ghita;0:16:17;0:18:45;Braavos;;Arya Stark;0:18:45;0:20:38;Valyria;Slaver's Bay;Jorah Mormont;Tyrion Lannister;;0:20:38;0:20:46;Valyria;Slaver's Bay;Jorah Mormont
5;7;The Gift;2015-05-24;Jon heads east as trouble begins to stir for Sam and Gilly at Castle Black. Sansa asks Theon for help. Tyrion and Jorah are sold as slaves. Cersei savors her triumph over the Tyrells as new plots are developed in the shadows.;King's Landing;Winterfell;The Wall;Braavos;0:03:39;0:04:41;The Wall;Castle Black;Jon Snow;Alliser Thorne;Othell Yarwyck;0:04:41;0:05:54;The Wall;Castle Black;Jon Snow;Alliser Thorne;Samwell Tarly;0:05:54;0:05:59;The Wall;Castle Black;Alliser Thorne;;0:05:59;0:06:55;The Wall;Castle Black;Gilly;0:06:55;0:07:09;The North;Winterfell;0:07:09;0:09:22;The North;Winterfell;Theon Greyjoy;Sansa Stark;;0:09:22;0:09:53;The North;Winterfell;Theon Greyjoy;0:09:53;0:10:09;The North;Winterfell;Theon Greyjoy;Ramsay Snow;0:10:09;0:10:17;The North;Winterfell;Brienne of Tarth;0:10:17;0:11:30;The Wall;Castle Black;Baby Sam;Maester Aemon;Samwell Tarly;0:11:30;0:13:07;The Wall;Castle Black;Maester Aemon
5;8;Hardhome;2015-05-31;Tyrion advises Daenerys. Sansa forces Theon to tell her a secret. Cersei remains stubborn. Arya meets her first target. Jon and Tormund meet with the Wildling Elders.;King's Landing;Winterfell;The Wall;Braavos;0:03:34;0:08:24;Meereen;;Daenerys Targaryen;Missandei;Jorah Mormont;0:08:24;0:08:53;Meereen;;Jorah Mormont;;;0:08:53;0:09:44;The Crownlands;King's Landing;Septa Unella;Cersei Lannister;0:09:44;0:09:59;Braavos;;Arya Stark;0:09:59;0:10:30;Braavos;;0:10:30;0:10:57;Braavos;;Arya Stark;Jaqen H'ghar;;0:10:57;0:12:48;Braavos;;Arya Stark;0:12:48;0:14:20;Braavos;;Arya Stark;Jaqen H'ghar;0:14:20;0:14:42;Braavos;;The Waif;0:14:42;0:17:04;The Crownlands;King's Landing;Cersei Lannister;Qyburn;;0:17:04;0:17:29;The Crownlands;King's Landing;Cersei Lannister
5;9;The Dance of Dragons;2015-06-07;Jon and the Wildlings return to Castle Black. Jaime meets with Doran Martell. Stannis makes a hard choice. Arya runs into Ser Meryn Trant. Daenerys attends the grand reopening of the fighting pits.;King's Landing;Winterfell;The Wall;Braavos;0:04:22;0:04:37;The North;Stannis Baratheon's Camp;;;;0:04:37;0:05:02;The North;Stannis Baratheon's Camp;Melisandre;;;0:05:02;0:05:17;The North;Stannis Baratheon's Camp;;;0:05:17;0:05:23;The North;Stannis Baratheon's Camp;Melisandre;0:05:23;0:06:13;The North;Stannis Baratheon's Camp;0:06:13;0:06:38;The North;Stannis Baratheon's Camp;Davos Seaworth;Stannis Baratheon;Melisandre;0:06:38;0:07:21;North of the Wall;The Wall;Jon Snow;0:07:21;0:07:29;The Wall;Castle Black;Alliser Thorne;;0:07:29;0:07:41;North of the Wall;The Wall;Jon Snow;0:07:41;0:07:48;The Wall;Castle Black;Alliser Thorne;;;0:07:48;0:07:52;North of the Wall;The Wall;Jon Snow
5;10;Mother's Mercy;2015-06-14;Stannis arrives at Winterfell. Tyrion runs Meereen as Daario and Jorah go after Daenerys. Jaime and Myrcella leave Dorne. Jon sends Sam and Gilly to Oldtown. Arya challenges the Many-Faced God. Cersei confesses her sins.;King's Landing;Winterfell;The Wall;Braavos;0:05:10;0:05:25;The North;Stannis Baratheon's Camp;Melisandre;;;0:05:25;0:05:54;The North;Stannis Baratheon's Camp;Melisandre;Stannis Baratheon;;0:05:54;0:06:37;The North;Stannis Baratheon's Camp;Melisandre;Stannis Baratheon;0:06:37;0:06:50;The North;Stannis Baratheon's Camp;Melisandre;0:06:50;0:07:56;The North;Stannis Baratheon's Camp;0:07:56;0:11:39;The Wall;Castle Black;Jon Snow;Samwell Tarly;;0:11:39;0:12:08;The Wall;Castle Black;Jon Snow;0:12:08;0:12:46;The North;Outside Winterfell;Stannis Baratheon;Baratheon General;0:12:46;0:13:02;The North;Winterfell;;0:13:02;0:13:30;The North;Winterfell;Sansa Stark;;;0:13:30;0:13:47;The North;Outside Winterfell;Podrick Payne
6;1;The Red Woman;2016-04-24;The fate of Jon Snow is revealed. Daenerys is brought before Khal Moro. Tyrion gets used to living in Meereen. Ramsay sends his dogs after Theon and Sansa. Ellaria and the Sand Snakes make their move. Cersei mourns for Myrcella.;King's Landing;Winterfell;The Wall;Braavos;0:07:04;0:08:03;The Wall;Castle Black;Jon Snow;;;0:08:03;0:08:09;The Wall;Castle Black;Ghost;;;0:08:09;0:08:48;The Wall;Castle Black;Davos Seaworth;Jon Snow;0:08:48;0:09:17;The Wall;Castle Black;Davos Seaworth;0:09:17;0:10:33;The Wall;Castle Black;0:10:33;0:11:36;The Wall;Castle Black;Davos Seaworth;Jon Snow;Melisandre;0:11:36;0:13:33;The Wall;Castle Black;Alliser Thorne;0:13:33;0:14:41;The Wall;Castle Black;Ghost;Jon Snow;0:14:41;0:14:47;The North;Winterfell;;0:14:47;0:16:03;The North;Winterfell;Ramsay Snow;Myranda;Maester Wolkan;0:16:03;0:17:28;The North;Winterfell;Ramsay Snow
6;2;Home;2016-05-01;Bran trains with the Three-Eyed Raven. Tommen meets with Cersei. Tyrion makes a bold move. Theon leaves while at Pyke new issues arise. Ramsay's brother is born. Davos asks Melisandre for a miracle.;King's Landing;Pyke;Winterfell;The Wall;0:04:53;0:05:24;North of the Wall;The Three-Eyed Raven;Three-Eyed Raven;Bran Stark;;0:05:24;0:06:05;The North;Winterfell;Young Ned Stark;Young Rodrik Cassel;Young Benjen Stark;0:06:05;0:06:37;The North;Winterfell;Young Ned Stark;Young Rodrik Cassel;0:06:37;0:07:07;The North;Winterfell;Young Ned Stark;0:07:07;0:07:29;The North;Winterfell;0:07:29;0:08:07;North of the Wall;The Three-Eyed Raven;Three-Eyed Raven;Bran Stark;Leaf;0:08:07;0:08:32;North of the Wall;The Three-Eyed Raven;Bran Stark;0:08:32;0:09:45;North of the Wall;The Three-Eyed Raven;Meera Reed;Hodor;0:09:45;0:10:27;North of the Wall;The Three-Eyed Raven;Meera Reed;0:10:27;0:10:40;The Wall;Castle Black;;;;0:10:40;0:12:02;The Wall;Castle Black;Alliser Thorne
6;3;Oathbreaker;2016-05-08;Daenerys arrives at Vaes Dothrak. Sam and Gilly sail for Horn Hill. Arya trains as No One. Varys finds information on the Sons of the Harpy. Ramsay receives a gift. Tommen meets with the High Sparrow. At Castle Black, a miracle occurs.;King's Landing;Pyke;Winterfell;The Wall;0:05:24;0:06:33;The Wall;Castle Black;Davos Seaworth;Jon Snow;Ghost;0:06:33;0:08:05;The Wall;Castle Black;Davos Seaworth;Jon Snow;Melisandre;0:08:05;0:09:20;The Wall;Castle Black;Davos Seaworth;Jon Snow;0:09:20;0:11:15;The Wall;Castle Black;Eddison Tollett;0:11:15;0:15:04;The Reach;To Horn Hill;0:15:04;0:17:49;Dorne;Tower of Joy;Arthur Dayne;Gerold Hightower;Three-Eyed Raven;0:17:49;0:19:50;Dorne;Tower of Joy;Arthur Dayne;0:19:50;0:20:27;Dorne;Tower of Joy;Three-Eyed Raven;Bran Stark;0:20:27;0:21:37;North of the Wall;The Three-Eyed Raven;Bran Stark;0:21:37;0:22:34;Vaes Dothrak;;Daenerys Targaryen;Akho;Qhono;0:22:34;0:22:45;Vaes Dothrak;;Daenerys Targaryen
6;4;Book of the Stranger;2016-05-15;Sansa arrives at Castle Black. Tyrion makes a deal with the Slave Masters. Jorah and Daario sneak into Vaes Dothrak. Ramsay sends a letter to Jon. Theon arrives at Pyke. Cersei and Olenna Tyrell plot against the High Sparrow.;King's Landing;The Eyrie;Winterfell;The Wall;0:05:08;0:06:15;The Wall;Castle Black;Eddison Tollett;Jon Snow;;0:06:15;0:06:47;The Wall;Castle Black;Sansa Stark;Brienne of Tarth;Podrick Payne;0:06:47;0:07:37;The Wall;Castle Black;Sansa Stark;Eddison Tollett;0:07:37;0:10:37;The Wall;Castle Black;Jon Snow;0:10:37;0:11:26;The Wall;Castle Black;0:11:26;0:12:16;The Wall;Castle Black;Melisandre;Davos Seaworth;Brienne of Tarth;0:12:16;0:12:35;The Vale;Runestone;Robin Arryn;0:12:35;0:12:39;The Vale;Runestone;;;0:12:39;0:15:20;The Vale;Runestone;Robin Arryn;0:15:20;0:15:44;The Vale;Runestone;Robin Arryn;Petyr Baelish;;0:15:44;0:15:53;The Vale;Runestone;Robin Arryn
6;5;The Door;2016-05-22;Sansa and Jon make plans. Arya is given another chance to prove herself. Jorah confesses a secret to Daenerys. Tyrion meets with a Red Priestess. Yara finds her rule tested. Bran discovers the origin of the White Walkers.;King's Landing;Pyke;Winterfell;The Wall;0:05:13;0:05:44;The Wall;Castle Black;Sansa Stark;;;0:05:44;0:09:58;The Wall;Mole's Town;Sansa Stark;Petyr Baelish;Brienne of Tarth;0:09:58;0:11:27;Braavos;;Arya Stark;The Waif;0:11:27;0:11:36;Braavos;;Arya Stark;0:11:36;0:13:20;Braavos;;0:13:20;0:17:09;Braavos;;Arya Stark;Izembaro;Lady Crane;0:17:09;0:18:05;Braavos;;Clarenzo;0:18:05;0:19:12;Braavos;;Arya Stark;Jaqen H'ghar;0:19:12;0:19:22;North of the Wall;The Three-Eyed Raven;Bran Stark;0:19:22;0:19:32;North of the Wall;The Lands of Always Winter;Bran Stark;Three-Eyed Raven;;0:19:32;0:19:35;North of the Wall;The Three-Eyed Raven;Bran Stark
6;6;Blood of My Blood;2016-05-29;Bran and Meera find a new ally. Gilly meets Sam's family. Arya makes a difficult choice. The Lannisters and Tyrells march against the High Sparrow.;King's Landing;Winterfell;The Wall;Braavos;0:04:58;0:05:23;North of the Wall;Outside the Three-Eyed Raven;Meera Reed;Bran Stark;;0:05:23;0:05:30;North of the Wall;Outside the Three-Eyed Raven;The Night King;Bran Stark;Catelyn Stark;0:05:30;0:05:47;North of the Wall;Outside the Three-Eyed Raven;Meera Reed;Bran Stark;0:05:47;0:05:57;North of the Wall;Outside the Three-Eyed Raven;The Night King;0:05:57;0:06:42;North of the Wall;Outside the Three-Eyed Raven;0:06:42;0:06:48;North of the Wall;Outside the Three-Eyed Raven;Aerys Targaryen;The Night King;Bran Stark;0:06:48;0:06:50;North of the Wall;Outside the Three-Eyed Raven;;0:06:50;0:06:52;North of the Wall;Outside the Three-Eyed Raven;The Night King;;0:06:52;0:06:54;North of the Wall;Outside the Three-Eyed Raven;;0:06:54;0:07:00;North of the Wall;Outside the Three-Eyed Raven;The Night King;Bran Stark;;0:07:00;0:07:33;North of the Wall;Outside the Three-Eyed Raven;Meera Reed
6;7;The Broken Man;2016-06-05;Jon and Sansa gather troops. Jaime arrives at Riverrun. Olenna Tyrell plans to leave King's Landing. Theon and Yara plan a destination. Arya makes plans to leave.;King's Landing;Riverrun;Winterfell;The Wall;0:03:02;0:03:39;The Riverlands;Village;;;;0:03:39;0:04:12;The Riverlands;Village;Brother Ray;;;0:04:12;0:04:44;The Riverlands;Village;Sandor Clegane;;0:06:33;0:07:11;The Riverlands;Village;Sandor Clegane;0:07:11;0:07:19;The Riverlands;Village;0:07:19;0:07:24;The Riverlands;Village;Brother Ray;;;0:07:24;0:07:29;The Riverlands;Village;;0:07:29;0:09:49;The Riverlands;Village;Sandor Clegane;Brother Ray;0:09:49;0:12:38;The Crownlands;King's Landing;Margaery Tyrell;0:12:38;0:14:55;The Crownlands;King's Landing;Septa Unella;Margaery Tyrell;Olenna Tyrell;0:14:55;0:15:10;The Crownlands;King's Landing;Olenna Tyrell
6;8;No One;2016-06-12;Brienne arrives at Riverrun. Arya seeks shelter. Jaime meets with Edmure Tully. Cersei challenges the Faith. Sandor Clegane hunts for revenge. Tyrion faces the consequences of earlier decisions.;King's Landing;Riverrun;Winterfell;The Wall;0:06:05;0:07:32;Braavos;;Lady Crane;Clarenzo;;0:07:32;0:08:36;Braavos;;Lady Crane;;;0:08:36;0:11:45;Braavos;;Lady Crane;Arya Stark;0:11:45;0:12:45;The Riverlands;Village;Gatins;0:12:45;0:12:58;The Riverlands;Village;0:12:58;0:13:04;The Riverlands;Village;Gatins;Morgan;Riddell;0:13:04;0:13:26;The Riverlands;Village;Gatins;0:13:26;0:13:42;Meereen;;;;0:13:42;0:14:19;Meereen;;Red Priestess;0:14:19;0:15:25;Meereen;;Tyrion Lannister;Lord Varys;;0:15:25;0:16:03;The Crownlands;King's Landing;Cersei Lannister
6;9;Battle of the Bastards;2016-06-19;Jon and Sansa face Ramsay Bolton on the fields of Winterfell. Daenerys strikes back at her enemies. Theon and Yara arrive in Meereen.;King's Landing;Riverrun;Winterfell;The Wall;0:04:43;0:05:03;Meereen;;;;;0:05:03;0:05:17;Meereen;;Daenerys Targaryen;;;0:05:17;0:07:26;Meereen;;Daenerys Targaryen;Tyrion Lannister;0:07:26;0:08:50;Meereen;;Daenerys Targaryen;0:08:50;0:09:34;Meereen;;0:09:34;0:09:44;Meereen;;Tyrion Lannister;Grey Worm;Missandei;0:09:44;0:09:52;Meereen;;Daenerys Targaryen;0:09:52;0:10:14;Meereen;;Daenerys Targaryen;Drogon;0:10:14;0:10:40;Meereen;;;0:10:40;0:10:47;Meereen;;Daario Naharis;;;0:10:47;0:12:03;Meereen;;Daenerys Targaryen
6;10;The Winds of Winter;2016-06-26;Cersei and Loras Tyrell stand trial by the gods. Daenerys prepares to set sail for Westeros. Davos confronts Melisandre. Sam and Gilly arrive in Oldtown. Bran discovers a long kept secret. Lord Frey has an uninvited guest.;King's Landing;The Twins;Winterfell;The Wall;0:05:31;0:06:36;The Crownlands;King's Landing;Cersei Lannister;Tommen Baratheon;Margaery Tyrell;0:06:36;0:06:54;The Crownlands;King's Landing;;;;0:06:54;0:07:10;The Crownlands;King's Landing;Loras Tyrell;Lancel Lannister;0:07:10;0:07:54;The Crownlands;King's Landing;High Sparrow;0:07:54;0:08:02;The Crownlands;King's Landing;0:08:02;0:08:08;The Crownlands;King's Landing;Cersei Lannister;;;0:08:08;0:08:15;The Crownlands;King's Landing;Tommen Baratheon;0:08:15;0:08:23;The Crownlands;King's Landing;Cersei Lannister;;0:08:23;0:08:45;The Crownlands;King's Landing;Grand Maester Pycelle;0:08:45;0:08:59;The Crownlands;King's Landing;Grand Maester Pycelle;Frances;;0:08:59;0:12:59;The Crownlands;King's Landing;High Sparrow
7;1;Dragonstone;2017-07-16;"Jon organizes the North's defenses. Cersei tries to even the odds. Daenerys comes home. Arya reminds the Freys ""The North remembers"". Sam adapts to life in Oldtown. Night King makes his way south.";King's Landing;Dragonstone;The Twins;Winterfell;0:03:54;0:04:20;The Riverlands;The Twins;Walder Frey;;;0:04:20;0:07:04;The Riverlands;The Twins;Walder Frey;Kitty Frey;;0:07:04;0:07:46;The Riverlands;The Twins;Arya Stark;Kitty Frey;0:09:33;0:11:19;North of the Wall;South to the Wall;The Night King;0:11:19;0:11:33;North of the Wall;The Wall;0:11:33;0:12:48;North of the Wall;The Wall;Bran Stark;Meera Reed;Eddison Tollett;0:12:48;0:13:00;North of the Wall;The Wall;Eddison Tollett;0:13:00;0:16:37;The North;Winterfell;Davos Seaworth;Jon Snow;0:16:37;0:18:00;The North;Winterfell;Davos Seaworth;0:18:00;0:18:08;The North;Winterfell;;;;0:18:08;0:19:37;The North;Winterfell;Jon Snow
7;2;Stormborn;2017-07-23;Daenerys receives an unexpected visitor. Jon faces resistance. Tyrion plans the conquest of Westeros. Cersei gathers her allies. Arya has a reunion with old friends. Sam risks his career and life.;King's Landing;Dragonstone;Pyke;Winterfell;0:04:26;0:05:01;The Crownlands;Dragonstone;;;;0:05:01;0:09:50;The Crownlands;Dragonstone;Tyrion Lannister;Lord Varys;Daenerys Targaryen;0:09:50;0:13:05;The Crownlands;Dragonstone;Tyrion Lannister;Lord Varys;0:13:05;0:13:22;The North;Winterfell;Jon Snow;0:13:22;0:14:30;The North;Winterfell;0:14:30;0:14:35;The Crownlands;King's Landing;Cersei Lannister;Jaime Lannister;Gregor Clegane;0:14:35;0:16:06;The Crownlands;King's Landing;Cersei Lannister;0:16:06;0:16:39;The Crownlands;King's Landing;Jaime Lannister;Randyll Tarly;0:16:39;0:18:21;The Crownlands;King's Landing;Jaime Lannister;0:18:21;0:20:06;The Reach;Oldtown;Samwell Tarly;Archmaester Ebrose;Jorah Mormont;0:20:06;0:20:34;The Reach;Oldtown;Samwell Tarly
7;3;The Queen's Justice;2017-07-30;Daenerys and Jon meet. Cersei gains a new ally. Sansa receives an unexpected visitor. Sam is confronted for his actions.;King's Landing;Dragonstone;Pyke;Winterfell;0:03:59;0:04:06;The Crownlands;Dragonstone;;;;0:04:06;0:05:40;The Crownlands;Dragonstone;Jon Snow;Davos Seaworth;Tyrion Lannister;0:05:40;0:06:25;The Crownlands;Dragonstone;Jon Snow;Davos Seaworth;0:06:25;0:07:27;The Crownlands;Dragonstone;Jon Snow;0:07:27;0:08:03;The Crownlands;Dragonstone;0:08:03;0:09:48;The Crownlands;Dragonstone;Melisandre;Lord Varys;;0:09:48;0:09:54;The Crownlands;Dragonstone;Melisandre;0:09:54;0:19:15;The Crownlands;Dragonstone;Daenerys Targaryen;Jon Snow;0:19:15;0:20:05;The Crownlands;Dragonstone;Daenerys Targaryen;0:20:05;0:20:25;The Crownlands;Dragonstone;Daenerys Targaryen;Tyrion Lannister;Missandei;0:20:25;0:21:11;The Narrow Sea;;Theon Greyjoy
7;4;The Spoils of War;2017-08-06;Daenerys takes matters into her own hands. Arya reaches her destination. Jaime and Bronn collect the spoils from the war with the Tyrells.;King's Landing;Dragonstone;Pyke;Winterfell;0:03:55;0:04:17;The Reach;Highgarden;;;;0:04:17;0:04:23;The Reach;Highgarden;Jaime Lannister;;;0:04:23;0:05:45;The Reach;Highgarden;Jaime Lannister;Bronn;0:04:45;0:06:42;The Reach;Highgarden;Jaime Lannister;0:06:42;0:08:12;The Crownlands;King's Landing;0:08:12;0:09:57;The North;Winterfell;Petyr Baelish;Bran Stark;;0:09:57;0:10:19;The North;Winterfell;Petyr Baelish;0:10:19;0:12:03;The North;Winterfell;Bran Stark;Meera Reed;0:12:03;0:12:19;The North;The Kingsroad South to King's Landing;Arya Stark;0:12:19;0:14:02;The North;Winterfell;Arya Stark;Koner;Henk;0:14:02;0:14:33;The North;Winterfell;Arya Stark
7;5;Eastwatch;2017-08-13;"Daenerys demands loyalty from the surviving Lannister soldiers; Jon heeds Bran's warning about White Walkers on the move; Cersei vows to vanquish anyone or anything that stands in her way.";King's Landing;Dragonstone;Winterfell;The Wall;0:03:55;0:05:41;The Crownlands;Blackwater Rush;Bronn;Jaime Lannister;;0:05:41;0:05:46;The Crownlands;Blackwater Rush;Jaime Lannister;;;0:05:46;0:06:29;The Crownlands;Blackwater Rush;Tyrion Lannister;;0:06:29;0:06:38;The Crownlands;Blackwater Rush;Drogon;0:06:38;0:06:41;The Crownlands;Blackwater Rush;0:06:41;0:11:21;The Crownlands;Blackwater Rush;Drogon;Daenerys Targaryen;Tyrion Lannister;0:11:21;0:11:53;The Crownlands;Blackwater Rush;Drogon;0:11:53;0:12:04;The Crownlands;King's Landing;Jaime Lannister;Qyburn;0:12:04;0:14:33;The Crownlands;King's Landing;Jaime Lannister;0:14:33;0:16:31;The Crownlands;Dragonstone;Jon Snow;Drogon;Daenerys Targaryen;0:16:31;0:16:58;The Crownlands;Dragonstone;Jon Snow
7;6;Beyond the Wall;2017-08-20;Jon and his team go beyond the wall to capture a wight. Daenerys has to make a tough decision.;King's Landing;Dragonstone;Winterfell;The Wall;0:04:03;0:04:17;The Crownlands;Dragonstone;;;;0:04:17;0:06:02;North of the Wall;The Haunted Forest;Jon Snow;Gendry;Jorah Mormont;0:06:02;0:07:18;North of the Wall;The Haunted Forest;Jon Snow;Gendry;0:07:18;0:08:20;North of the Wall;The Haunted Forest;Jon Snow;0:08:20;0:09:42;North of the Wall;The Haunted Forest;0:09:42;0:09:53;The North;Winterfell;Arya Stark;;;0:09:53;0:15:17;The North;Winterfell;Arya Stark;0:15:17;0:15:32;North of the Wall;The Haunted Forest;Jon Snow;Gendry;0:15:32;0:16:25;North of the Wall;The Haunted Forest;Tormund Giantsbane;0:16:25;0:16:42;North of the Wall;The Haunted Forest;Jorah Mormont;Tormund Giantsbane;Sandor Clegane;0:16:42;0:17:10;North of the Wall;The Haunted Forest;Tormund Giantsbane
7;7;The Dragon and the Wolf;2017-08-27;Season finale of the epic series.;King's Landing;Dragonstone;Winterfell;The Wall;0:04:36;0:04:56;The Crownlands;King's Landing;Grey Worm;;;0:04:56;0:05:04;The Crownlands;King's Landing;;;;0:05:04;0:05:08;The Crownlands;King's Landing;Jaime Lannister;;0:05:08;0:05:13;The Crownlands;King's Landing;;0:05:13;0:05:20;The Crownlands;King's Landing;0:05:20;0:05:31;The Crownlands;King's Landing;;;;0:05:31;0:05:50;The Crownlands;King's Landing;Bronn;0:05:50;0:06:42;The Crownlands;King's Landing;Jaime Lannister;Bronn;0:06:42;0:06:52;The Crownlands;King's Landing;;0:06:52;0:06:54;The Crownlands;King's Landing;Jaime Lannister;Bronn;;0:06:54;0:07:02;The Crownlands;King's Landing;
8;1;Winterfell;2019-04-14;Jon and Daenerys arrive in Winterfell and are met with skepticism. Sam learns about the fate of his family. Cersei gives Euron the reward he aims for. Theon follows his heart.;Last Hearth;Winterfell;King's Landing;;0:04:39;0:04:50;The North;Outside Winterfell;Winterfell Boy;;;0:04:50;0:05:09;The North;Winter Town;Winterfell Boy;;;0:05:09;0:05:15;The North;Winter Town;Winterfell Boy;Arya Stark;0:05:15;0:05:53;The North;Winter Town;Winterfell Boy;0:05:53;0:06:16;The North;Winter Town;0:06:16;0:06:39;The North;Winter Town;Jon Snow;Daenerys Targaryen;Arya Stark;0:06:39;0:06:48;The North;Winter Town;Arya Stark;0:06:48;0:06:56;The North;Winter Town;Arya Stark;Sandor Clegane;0:06:56;0:07:05;The North;Winter Town;Arya Stark;0:07:05;0:07:28;The North;Winter Town;Tyrion Lannister;Lord Varys;;0:07:28;0:07:47;The North;Winter Town;Missandei
8;2;A Knight of the Seven Kingdoms;2019-04-21;The battle at Winterfell is approaching. Jaime is confronted with the consequences of the past. A tense interaction between Sansa and Daenerys follows.;Last Hearth;Winterfell;King's Landing;;0:03:39;0:07:46;The North;Winterfell;Jaime Lannister;Daenerys Targaryen;Sansa Stark;0:07:46;0:08:12;The North;Winterfell;Jaime Lannister;Daenerys Targaryen;Sansa Stark;0:08:12;0:08:21;The North;Winterfell;Jaime Lannister;Daenerys Targaryen;0:08:21;0:08:26;The North;Winterfell;Jaime Lannister;0:08:26;0:08:36;The North;Winterfell;0:08:36;0:08:42;The North;Winterfell;Jaime Lannister;Lyanna Mormont;Davos Seaworth;0:08:42;0:09:00;The North;Winterfell;Daenerys Targaryen;0:09:00;0:09:11;The North;Winterfell;Tyrion Lannister;Lord Varys;0:09:11;0:09:38;The North;Winterfell;Gendry;0:09:38;0:11:54;The North;Winterfell;Gendry;Arya Stark;;0:11:54;0:13:16;The North;Winterfell;Jaime Lannister
8;3;The Long Night;2019-04-28;The Night King and his army have arrived at Winterfell and the great battle begins.;Last Hearth;Winterfell;King's Landing;;0:03:37;0:04:18;The North;Winterfell;Samwell Tarly;;;0:04:18;0:04:22;The North;Winterfell;Samwell Tarly;;;0:04:22;0:04:26;The North;Winterfell;Samwell Tarly;Lyanna Mormont;0:04:26;0:04:53;The North;Winterfell;Tyrion Lannister;0:04:53;0:04:58;The North;Winterfell;0:04:58;0:05:02;The North;Winterfell;Tyrion Lannister;;;0:05:02;0:05:09;The North;Winterfell;Bran Stark;0:05:09;0:05:20;The North;Winterfell;;;0:05:20;0:05:36;The North;Winterfell;;0:05:36;0:05:43;The North;Winterfell;Davos Seaworth;;;0:05:43;0:05:46;The North;Winterfell;Davos Seaworth
8;4;The Last of the Starks;2019-05-05;In the wake of a costly victory, Jon and Daenerys look to the south as Tyrion eyes a compromise that could save countless lives.;Last Hearth;Winterfell;King's Landing;;0:04:11;0:05:09;The North;Winterfell;Jorah Mormont;Daenerys Targaryen;;0:05:09;0:05:44;The North;Winterfell;Theon Greyjoy;Sansa Stark;;0:05:44;0:05:49;The North;Winterfell;Jon Snow;Samwell Tarly;0:05:49;0:05:53;The North;Winterfell;Jon Snow;0:05:53;0:05:59;The North;Winterfell;0:05:59;0:06:20;The North;Winterfell;Jon Snow;Samwell Tarly;Bran Stark;0:06:20;0:06:29;The North;Winterfell;Jon Snow;0:06:29;0:08:10;The North;Winterfell;Jon Snow;Samwell Tarly;0:08:10;0:08:18;The North;Winterfell;Beric Dondarrion;0:08:18;0:08:24;The North;Winterfell;Eddison Tollett;Samwell Tarly;;0:08:24;0:08:35;The North;Winterfell;Jon Snow
8;5;The Bells;2019-05-12;Daenerys and Cersei weigh their options as an epic conflict looms at King's Landing.;Last Hearth;Winterfell;King's Landing;;0:04:45;0:05:19;The Crownlands;Dragonstone;Lord Varys;;;0:05:19;0:06:12;The Crownlands;Dragonstone;Lord Varys;Martha;;0:06:12;0:06:18;The Crownlands;Dragonstone;Lord Varys;;0:06:18;0:06:24;The Crownlands;Dragonstone;Tyrion Lannister;0:06:24;0:06:28;The Crownlands;Dragonstone;0:06:28;0:08:17;The Crownlands;Dragonstone;Lord Varys;Jon Snow;;0:08:17;0:08:27;The Crownlands;Dragonstone;Tyrion Lannister;0:08:27;0:08:42;The Crownlands;Dragonstone;Tyrion Lannister;;0:08:42;0:11:35;The Crownlands;Dragonstone;Tyrion Lannister;0:11:35;0:12:12;The Crownlands;Dragonstone;Lord Varys;;;0:12:12;0:12:21;The Crownlands;Dragonstone;Lord Varys
8;6;The Iron Throne;2019-05-19;In the aftermath of the devastating attack on King's Landing, Daenerys must face the survivors.;Last Hearth;Winterfell;King's Landing;;0:05:08;0:06:08;The Crownlands;King's Landing;Tyrion Lannister;;;0:06:08;0:06:47;The Crownlands;King's Landing;Tyrion Lannister;Jon Snow;Davos Seaworth;0:06:47;0:07:34;The Crownlands;King's Landing;Tyrion Lannister;Jon Snow;0:07:34;0:08:04;The Crownlands;King's Landing;Tyrion Lannister;0:08:04;0:08:15;The Crownlands;King's Landing;0:08:15;0:09:41;The Crownlands;King's Landing;Grey Worm;Jon Snow;Davos Seaworth;0:09:41;0:10:44;The Crownlands;King's Landing;Tyrion Lannister;0:10:44;0:11:56;The Crownlands;King's Landing;Tyrion Lannister;;0:11:56;0:14:06;The Crownlands;King's Landing;Tyrion Lannister;0:14:06;0:14:17;The Crownlands;King's Landing;Arya Stark;;;0:14:17;0:14:31;The Crownlands;King's Landing;Arya Stark